-- phpMyAdmin SQL Dump
-- version 4.8.3
-- https://www.phpmyadmin.net/
--
-- Host: 127.0.0.1
-- Generation Time: Nov 14, 2018 at 12:47 PM
-- Server version: 10.1.36-MariaDB
-- PHP Version: 7.2.11

SET SQL_MODE = "NO_AUTO_VALUE_ON_ZERO";
SET AUTOCOMMIT = 0;
START TRANSACTION;
SET time_zone = "+00:00";


/*!40101 SET @OLD_CHARACTER_SET_CLIENT=@@CHARACTER_SET_CLIENT */;
/*!40101 SET @OLD_CHARACTER_SET_RESULTS=@@CHARACTER_SET_RESULTS */;
/*!40101 SET @OLD_COLLATION_CONNECTION=@@COLLATION_CONNECTION */;
/*!40101 SET NAMES utf8mb4 */;

--
-- Database: `regjistri`
--

-- --------------------------------------------------------

--
-- Table structure for table `dega`
--

CREATE TABLE `dega` (
  `id_dega` int(11) NOT NULL,
  `emri_dega` varchar(128) COLLATE utf8_unicode_ci DEFAULT NULL
) ENGINE=InnoDB DEFAULT CHARSET=utf8 COLLATE=utf8_unicode_ci;

--
-- Dumping data for table `dega`
--

INSERT INTO `dega` (`id_dega`, `emri_dega`) VALUES
(1, 'Elektronike'),
(2, 'Automobila'),
(3, 'Biznes'),
(4, 'Gjimnaz');

-- --------------------------------------------------------

--
-- Table structure for table `departamenti`
--

CREATE TABLE `departamenti` (
  `id_departamenti` int(11) NOT NULL,
  `emri_departamentit` varchar(20) NOT NULL,
  `shefi_departamentit` int(11) NOT NULL
) ENGINE=InnoDB DEFAULT CHARSET=latin1;

--
-- Dumping data for table `departamenti`
--

INSERT INTO `departamenti` (`id_departamenti`, `emri_departamentit`, `shefi_departamentit`) VALUES
(1, 'Matematike dhe Infor', 0),
(2, 'Lende Sociale', 0),
(3, 'Gjuhe te Huaja', 0),
(4, 'Shkenca Natyrore', 0),
(5, 'Auto', 0),
(6, 'Elektronike', 0),
(7, 'Biznes', 0),
(8, 'Edukim fizik', 0);

-- --------------------------------------------------------

--
-- Table structure for table `lende`
--

CREATE TABLE `lende` (
  `id_lende` int(11) NOT NULL,
  `emri_lende` varchar(128) COLLATE utf8_unicode_ci DEFAULT NULL,
  `koeficent` float DEFAULT NULL
) ENGINE=InnoDB DEFAULT CHARSET=utf8 COLLATE=utf8_unicode_ci;

--
-- Dumping data for table `lende`
--

INSERT INTO `lende` (`id_lende`, `emri_lende`, `koeficent`) VALUES
(1, 'Arkitekturë kompjuteri', 1),
(2, 'Arte', 1),
(3, 'Baza e të dhënave principe', 1),
(4, 'Biologji', 1),
(5, 'Edukim fizik dhe sporte', 1),
(6, 'Ekonomi', 1),
(7, 'Ekonomi - Hyrje në biznes', 1),
(8, 'Ekonomiks', 1),
(9, 'Elektroteknikë', 1),
(10, 'Elemente te Elektronikes', 1),
(11, 'Finance', 1),
(12, 'Fizikë', 1),
(13, 'Fizikë e avancuar', 1.4),
(14, 'Gjeografi', 1),
(15, 'Gjuhe e huaj e dyte (Gjermanisht)', 1),
(16, 'Gjuhe e huaj e pare (Anglisht)', 1),
(17, 'Gjuhe shqipe', 1),
(18, 'Gjuhë shqipe dhe letërsi', 1),
(19, 'Histori', 1),
(20, 'Impiantet e ngrohjes, ftohjes dhe ventilimit', 1),
(21, 'Informatike - TIK', 1),
(22, 'Informatike – TIK i avancuar', 1.4),
(23, 'JA Etike biznesi, Shoq. e nxenesve + (Z.Detyruar)', 1),
(24, 'Karriera / Aftesimi per jeten', 1),
(25, 'Kimi', 1),
(26, 'Kimi e avancuar', 1.4),
(27, 'Kontabilitet', 1),
(28, 'Kontroll dhe diagnostikim auto', 1),
(29, 'Lende me zgjedhje /Ekonomi e thelluar', 1),
(30, 'Lende me zgjedhje Fizike av.', 1.4),
(31, 'Letersi', 1),
(32, 'Lojra Sportive', 1),
(33, 'Marketing', 1),
(34, 'Matematikë', 1),
(35, 'Matematikë e avancuar', 1.4),
(36, 'Matje elektronike', 1),
(37, 'Mekanike Teknike', 1),
(38, 'Menaxhim', 1),
(39, 'Ndertimi, pershkrimi, &  riparimi i automob.', 1),
(40, 'Njohuri per Transportin Ajror', 1),
(41, 'Praktikë profesionale', 1),
(42, 'Praktike zyre ', 1),
(43, 'Programe aplikative/principe dizenjimi', 1),
(44, 'Qytetari', 1),
(45, 'Qytetari I/ Filozofi II', 1),
(46, 'Qytetari I/ Filozofi II/ Sociologji', 1),
(47, 'Rrjeta Kompjuterike', 1),
(48, 'Shkencat e Tokës', 1),
(49, 'Shkence Natyrore', 1),
(50, 'Sisteme Digitale', 1),
(51, 'Statistike - Ligj', 1),
(52, 'Strukturim Administrim Servisi', 1),
(53, 'Teknologji', 1),
(54, 'Teknologji Mekanike', 1),
(55, 'Telekomunikacion', 1),
(56, 'TIK', 1),
(57, 'TIK - Aplikim ne kompj. (Access/Excel/AutoCADRino)', 1),
(58, 'TIK - Aplikim ne kompj. (Access/Excel/QuickBooks/Financa5)', 1),
(59, 'TIK - Aplikim ne kompj.(Prog. C ++, Java)', 1),
(60, 'Vizatim Teknik / Autocad', 1);

-- --------------------------------------------------------

--
-- Table structure for table `lende_klase`
--

CREATE TABLE `lende_klase` (
  `id_lende_klase` int(11) NOT NULL,
  `id_lende` int(11) DEFAULT NULL,
  `id_klase` int(11) DEFAULT NULL,
  `kredite` float DEFAULT NULL
) ENGINE=InnoDB DEFAULT CHARSET=utf8 COLLATE=utf8_unicode_ci;

-- --------------------------------------------------------

--
-- Table structure for table `mesues`
--

CREATE TABLE `mesues` (
  `id_mesues` int(11) NOT NULL,
  `emri_mesues` varchar(128) COLLATE utf8_unicode_ci DEFAULT NULL,
  `password` varchar(256) COLLATE utf8_unicode_ci DEFAULT NULL,
  `kujdestari` int(11) DEFAULT NULL
) ENGINE=InnoDB DEFAULT CHARSET=utf8 COLLATE=utf8_unicode_ci;

--
-- Dumping data for table `mesues`
--

INSERT INTO `mesues` (`id_mesues`, `emri_mesues`, `password`, `kujdestari`) VALUES
(1, 'Agetina Konomi', 'agetinakonomi123', 39),
(2, 'Agim Danga', 'agimdanga123', 0),
(3, 'Aida Rembeci', 'aidarembeci123', 0),
(4, 'Albana Cano', 'albanacano123', 0),
(5, 'Alketa Mucalla', 'alketamucalla123', 0),
(6, 'Alma Berberi', 'almaberberi123', 0),
(7, 'Ana Shoshi', 'anashoshi123', 0),
(8, 'Ardiana Krongo', 'ardianakrongo123', 0),
(9, 'Armela Jemini', 'armelajemini123', 0),
(10, 'Axherko Mezelxhiu', 'axherkomezelxhiu123', 0),
(11, 'Brikena Beja', 'brikenabeja123', 0),
(12, 'Brunilda Majtara', 'brunildamajtara123', 0),
(13, 'Daniela Kaceli', 'danielakaceli123', 0),
(14, 'Dhurata Tahiri', 'dhuratatahiri123', 0),
(15, 'Dorina Bello', 'dorinabello123', 0),
(16, 'Drita Tane', 'dritatane123', 0),
(17, 'Edlira Seranaj', 'edliraseranaj123', 0),
(18, 'Eglantina Ruka', 'eglantinaruka123', 0),
(19, 'Emanuela Mema', 'manuelamema123', 0),
(20, 'Eneida Allkoci ', 'eneidaallkoci 123', 0),
(21, 'Enida Dhoska', 'enidadhoska123', 0),
(22, 'Enilda Jance', 'enildajance123', 0),
(23, 'Enkelejda Papadhopulli', 'enkelejdapapadhopulli123', 0),
(24, 'Eri Lipo', 'erilipo123', 0),
(25, 'Ernaso Kerbizi', 'ernasokerbizi123', 0),
(26, 'Evelina Noga', 'evelinanoga123', 0),
(27, 'Fatmir Hoxha', 'fatmirhoxha123', 0),
(28, 'Genc Misha', 'gencmisha123', 0),
(29, 'Gentian Garipi', 'gentiangaripi123', 0),
(30, 'Grios Pirra ', 'griospirra 123', 0),
(31, 'Igli Llambiri', 'iglillambiri123', 0),
(32, 'Ilir Gusho', 'ilirgusho123', 0),
(33, 'Ines Demneri', 'inesdemneri123', 0),
(34, 'Iris Hajdini', 'irishajdini123', 0),
(35, 'Irma Vangjeli', 'irmavangjeli123', 0),
(36, 'Isida Lice', 'isidalice123', 0),
(37, 'Klarens Hoxha', 'klarenshoxha123', 0),
(38, 'Klodiana Malia', 'klodianamalia123', 0),
(39, 'Kristiana Marjanaku', 'kristianamarjanaku123', 0),
(40, 'Lefteri Metushi', 'lefterimetushi123', 0),
(41, 'Lira Musollari ', 'liramusollari123', 0),
(42, 'Luesta Metani', 'luestametani123', 0),
(43, 'Martineta Leka', 'martinetaleka123', 0),
(44, 'Mimoza Marjani', 'mimozamarjani123', 0),
(45, 'Minerva Rumbo', 'minervarumbo123', 0),
(46, 'Mirela Canaj', 'mirelacanaj123', 0),
(47, 'Mirela Islami', 'mirelaislami123', 0),
(48, 'Moisi Xhaferaj', 'moisixhaferaj123', 0),
(49, 'Musa Muka', 'musamuka123', 0),
(50, 'Nada Vojka', 'nadavojka123', 0),
(51, 'Naim Cano', 'naimcano123', 0),
(52, 'Nazmi Ramaliu', 'nazmiramaliu123', 0),
(53, 'Neli Progri', 'neliprogri123', 0),
(54, 'Petraq Llambushi', 'petraqllambushi123', 0),
(55, 'Ritvana Mena', 'ritvanamena123', 0),
(56, 'Saimir Hima', 'saimirhima123', 0),
(57, 'Sali Tola', 'salitola123', 0),
(58, 'Silvana Koja', 'silvanakoja123', 0),
(59, 'Spartak Pocari', 'spartakpocari123', 0),
(60, 'Stavri Vesho', 'stavrivesho123', 0),
(61, 'Suela Shala', 'suelashala123', 0),
(62, 'Valmira Dashi', 'valmiradashi123', 0),
(63, 'Vjollca Latifi', 'vjollcalatifi123', 0),
(64, 'Xhorxheta Filja', 'xhorxhetafilja123', 0);

-- --------------------------------------------------------

--
-- Table structure for table `mesues_lende`
--

CREATE TABLE `mesues_lende` (
  `id_mesues_lende` int(11) NOT NULL,
  `id_mesues` int(11) DEFAULT NULL,
  `id_lende` int(11) DEFAULT NULL,
  `id_dega` int(11) DEFAULT NULL,
  `ore_plan` int(11) DEFAULT NULL,
  `nxenes_20` int(11) DEFAULT NULL,
  `nxenes_pk` int(11) DEFAULT NULL
) ENGINE=InnoDB DEFAULT CHARSET=utf8 COLLATE=utf8_unicode_ci;

--
-- Dumping data for table `mesues_lende`
--

INSERT INTO `mesues_lende` (`id_mesues_lende`, `id_mesues`, `id_lende`, `id_dega`, `ore_plan`, `nxenes_20`, `nxenes_pk`) VALUES
(1, 1, 55, 0, 0, 0, 0),
(2, 2, 1, 0, 0, 0, 0),
(3, 3, 13, 0, 0, 0, 0),
(4, 4, 25, 0, 0, 0, 0),
(5, 5, 5, 0, 0, 0, 0),
(6, 6, 31, 0, 0, 0, 0),
(7, 7, 43, 0, 0, 0, 0),
(8, 8, 34, 0, 0, 0, 0),
(9, 9, 25, 0, 0, 0, 0),
(10, 10, 3, 0, 0, 0, 0),
(11, 11, 31, 0, 0, 0, 0),
(12, 12, 15, 0, 0, 0, 0),
(13, 12, 19, 0, 0, 0, 0),
(14, 13, 10, 0, 0, 0, 0),
(15, 13, 51, 0, 0, 0, 0),
(16, 14, 5, 0, 0, 0, 0),
(17, 15, 13, 0, 0, 0, 0),
(18, 16, 43, 0, 0, 0, 0),
(19, 17, 13, 0, 0, 0, 0),
(20, 18, 56, 0, 0, 0, 0),
(21, 19, 6, 0, 0, 0, 0),
(22, 20, 2, 0, 0, 0, 0),
(23, 21, 22, 0, 0, 0, 0),
(24, 22, 5, 0, 0, 0, 0),
(25, 23, 51, 0, 0, 0, 0),
(26, 24, 6, 0, 0, 0, 0),
(27, 25, 4, 0, 0, 0, 0),
(28, 26, 45, 0, 0, 0, 0),
(29, 27, 1, 0, 0, 0, 0),
(30, 28, 6, 0, 0, 0, 0),
(31, 29, 44, 0, 0, 0, 0),
(32, 30, 6, 0, 0, 0, 0),
(33, 31, 40, 0, 0, 0, 0),
(34, 32, 6, 0, 0, 0, 0),
(35, 33, 1, 0, 0, 0, 0),
(36, 34, 31, 0, 0, 0, 0),
(37, 35, 22, 0, 0, 0, 0),
(38, 36, 16, 0, 0, 0, 0),
(39, 37, 46, 0, 0, 0, 0),
(40, 38, 22, 0, 0, 0, 0),
(41, 39, 33, 0, 0, 0, 0),
(42, 40, 1, 0, 0, 0, 0),
(43, 41, 15, 0, 0, 0, 0),
(44, 42, 31, 0, 0, 0, 0),
(45, 43, 20, 0, 0, 0, 0),
(46, 43, 41, 0, 0, 0, 0),
(47, 43, 24, 0, 0, 0, 0),
(48, 44, 41, 0, 0, 0, 0),
(49, 44, 12, 0, 0, 0, 0),
(50, 45, 31, 0, 0, 0, 0),
(51, 46, 8, 0, 0, 0, 0),
(52, 46, 31, 0, 0, 0, 0),
(53, 46, 7, 0, 0, 0, 0),
(54, 47, 19, 0, 0, 0, 0),
(55, 48, 40, 0, 0, 0, 0),
(56, 49, 40, 0, 0, 0, 0),
(57, 50, 1, 0, 0, 0, 0),
(58, 51, 38, 0, 0, 0, 0),
(59, 52, 35, 0, 0, 0, 0),
(60, 53, 33, 0, 0, 0, 0),
(61, 54, 38, 0, 0, 0, 0),
(62, 55, 1, 0, 0, 0, 0),
(63, 56, 56, 0, 0, 0, 0),
(64, 57, 40, 0, 0, 0, 0),
(65, 58, 33, 0, 0, 0, 0),
(66, 59, 55, 0, 0, 0, 0),
(67, 60, 39, 0, 0, 0, 0),
(68, 61, 31, 0, 0, 0, 0),
(69, 62, 33, 0, 0, 0, 0),
(70, 63, 27, 0, 0, 0, 0),
(71, 64, 33, 0, 0, 0, 0),
(72, 65, 10, 0, 0, 0, 0);

-- --------------------------------------------------------

--
-- Table structure for table `notat`
--

CREATE TABLE `notat` (
  `id_note` int(11) NOT NULL,
  `id_nxenes` int(11) DEFAULT NULL,
  `id_lende` int(11) DEFAULT NULL,
  `note` int(11) DEFAULT NULL,
  `id_vleresimi` int(11) DEFAULT NULL,
  `periudha_vleresimi` varchar(128) COLLATE utf8_unicode_ci DEFAULT NULL,
  `time_stamp` datetime DEFAULT CURRENT_TIMESTAMP
) ENGINE=InnoDB DEFAULT CHARSET=utf8 COLLATE=utf8_unicode_ci;

-- --------------------------------------------------------

--
-- Table structure for table `nxenes`
--

CREATE TABLE `nxenes` (
  `id_nxenes` int(11) NOT NULL,
  `emri_nxenes` varchar(128) COLLATE utf8_unicode_ci DEFAULT NULL,
  `id_klase` int(11) NOT NULL,
  `ditelindje` date DEFAULT NULL,
  `vendlindje` varchar(128) COLLATE utf8_unicode_ci DEFAULT NULL,
  `emri_babai` varchar(128) COLLATE utf8_unicode_ci DEFAULT NULL,
  `emri_nena` varchar(128) COLLATE utf8_unicode_ci DEFAULT NULL,
  `tel_babi` varchar(20) COLLATE utf8_unicode_ci DEFAULT NULL,
  `tel_nena` varchar(20) COLLATE utf8_unicode_ci DEFAULT NULL,
  `tel_personal` varchar(20) COLLATE utf8_unicode_ci DEFAULT NULL,
  `mungesa_total` int(11) DEFAULT NULL,
  `mesatare` float DEFAULT NULL,
  `viti_regjistrimit` date DEFAULT NULL,
  `mbetes` tinyint(4) DEFAULT NULL,
  `mbaruar` tinyint(4) DEFAULT NULL,
  `nota_sjellje` float DEFAULT NULL
) ENGINE=InnoDB DEFAULT CHARSET=utf8 COLLATE=utf8_unicode_ci;

--
-- Dumping data for table `nxenes`
--

INSERT INTO `nxenes` (`id_nxenes`, `emri_nxenes`, `id_klase`, `ditelindje`, `vendlindje`, `emri_babai`, `emri_nena`, `tel_babi`, `tel_nena`, `tel_personal`, `mungesa_total`, `mesatare`, `viti_regjistrimit`, `mbetes`, `mbaruar`, `nota_sjellje`) VALUES
(1, 'Mirea Lameborshi', 0, '0000-00-00', '0', '0', '0', '0', '0', '0', 0, 0, '0000-00-00', 0, 0, 0),
(2, 'Adela Xhihani', 0, '0000-00-00', '', '', '', '', '', '', 0, 0, '0000-00-00', 0, 0, 0),
(3, 'Emma Mukaj', 0, '0000-00-00', '', '', '', '', '', '', 0, 0, '0000-00-00', 0, 0, 0),
(4, 'Bjorni Merko ', 0, '0000-00-00', '', '', '', '', '', '', 0, 0, '0000-00-00', 0, 0, 0),
(5, 'Rei Kellici', 0, '0000-00-00', '', '', '', '', '', '', 0, 0, '0000-00-00', 0, 0, 0),
(6, 'Klejdi Babaj ', 0, '0000-00-00', '', '', '', '', '', '', 0, 0, '0000-00-00', 0, 0, 0),
(7, 'Xhuljano Hoxha', 0, '0000-00-00', '', '', '', '', '', '', 0, 0, '0000-00-00', 0, 0, 0),
(8, 'Mikea Sinaj ', 0, '0000-00-00', '', '', '', '', '', '', 0, 0, '0000-00-00', 0, 0, 0),
(9, 'Albi Cobo ', 0, '0000-00-00', '', '', '', '', '', '', 0, 0, '0000-00-00', 0, 0, 0),
(10, 'Enar Ilmiu ', 0, '0000-00-00', '', '', '', '', '', '', 0, 0, '0000-00-00', 0, 0, 0),
(11, 'Drini Beci ', 0, '0000-00-00', '', '', '', '', '', '', 0, 0, '0000-00-00', 0, 0, 0),
(12, 'Merild Spahiu ', 0, '0000-00-00', '', '', '', '', '', '', 0, 0, '0000-00-00', 0, 0, 0),
(13, 'Ahmen Meraja ', 0, '0000-00-00', '', '', '', '', '', '', 0, 0, '0000-00-00', 0, 0, 0),
(14, 'Dari Seranaj ', 0, '0000-00-00', '', '', '', '', '', '', 0, 0, '0000-00-00', 0, 0, 0),
(15, 'Ardit Vogli ', 0, '0000-00-00', '', '', '', '', '', '', 0, 0, '0000-00-00', 0, 0, 0),
(16, 'Enes Uruci ', 0, '0000-00-00', '', '', '', '', '', '', 0, 0, '0000-00-00', 0, 0, 0),
(17, 'Daniel Hasho ', 0, '0000-00-00', '', '', '', '', '', '', 0, 0, '0000-00-00', 0, 0, 0),
(18, 'Hermes Gokovi', 0, '0000-00-00', '', '', '', '', '', '', 0, 0, '0000-00-00', 0, 0, 0),
(19, 'Ylli Daja', 0, '0000-00-00', '', '', '', '', '', '', 0, 0, '0000-00-00', 0, 0, 0),
(20, 'Arber Zaimi', 0, '0000-00-00', '', '', '', '', '', '', 0, 0, '0000-00-00', 0, 0, 0),
(21, 'Bajram Xhafa ', 0, '0000-00-00', '', '', '', '', '', '', 0, 0, '0000-00-00', 0, 0, 0),
(22, 'Shkelqim Domi ', 0, '0000-00-00', '', '', '', '', '', '', 0, 0, '0000-00-00', 0, 0, 0),
(23, 'Niki Zaimi ', 0, '0000-00-00', '', '', '', '', '', '', 0, 0, '0000-00-00', 0, 0, 0),
(24, 'Roel Shule ', 0, '0000-00-00', '', '', '', '', '', '', 0, 0, '0000-00-00', 0, 0, 0),
(25, 'Kledi Nuredini ', 0, '0000-00-00', '', '', '', '', '', '', 0, 0, '0000-00-00', 0, 0, 0),
(26, 'Aurel Zefi', 0, '0000-00-00', '', '', '', '', '', '', 0, 0, '0000-00-00', 0, 0, 0),
(27, 'Elvis Guce', 0, '0000-00-00', '', '', '', '', '', '', 0, 0, '0000-00-00', 0, 0, 0),
(28, 'Endi Veseli', 0, '0000-00-00', '', '', '', '', '', '', 0, 0, '0000-00-00', 0, 0, 0),
(29, 'Sibora Muka ', 0, '0000-00-00', '', '', '', '', '', '', 0, 0, '0000-00-00', 0, 0, 0),
(30, 'Juljana Alija ', 0, '0000-00-00', '', '', '', '', '', '', 0, 0, '0000-00-00', 0, 0, 0),
(31, 'Klejda Qershori ', 0, '0000-00-00', '', '', '', '', '', '', 0, 0, '0000-00-00', 0, 0, 0),
(32, 'Soni Seli ', 0, '0000-00-00', '', '', '', '', '', '', 0, 0, '0000-00-00', 0, 0, 0),
(33, 'Egi Xhabafti ', 0, '0000-00-00', '', '', '', '', '', '', 0, 0, '0000-00-00', 0, 0, 0),
(34, 'Redi Malushaj ', 0, '0000-00-00', '', '', '', '', '', '', 0, 0, '0000-00-00', 0, 0, 0),
(35, 'Arb Zeneli ', 0, '0000-00-00', '', '', '', '', '', '', 0, 0, '0000-00-00', 0, 0, 0),
(36, 'Jurgen Hajdari ', 0, '0000-00-00', '', '', '', '', '', '', 0, 0, '0000-00-00', 0, 0, 0),
(37, 'Enco Kaleci ', 0, '0000-00-00', '', '', '', '', '', '', 0, 0, '0000-00-00', 0, 0, 0),
(38, 'Adrian Malka ', 0, '0000-00-00', '', '', '', '', '', '', 0, 0, '0000-00-00', 0, 0, 0),
(39, 'Dejvi Muka ', 0, '0000-00-00', '', '', '', '', '', '', 0, 0, '0000-00-00', 0, 0, 0),
(40, 'Geri Gidaja ', 0, '0000-00-00', '', '', '', '', '', '', 0, 0, '0000-00-00', 0, 0, 0),
(41, 'Deni Zaim ', 0, '0000-00-00', '', '', '', '', '', '', 0, 0, '0000-00-00', 0, 0, 0),
(42, 'Alban Ismajli ', 0, '0000-00-00', '', '', '', '', '', '', 0, 0, '0000-00-00', 0, 0, 0),
(43, 'Aldo Hoxha ', 0, '0000-00-00', '', '', '', '', '', '', 0, 0, '0000-00-00', 0, 0, 0),
(44, 'Saimir Fejza ', 0, '0000-00-00', '', '', '', '', '', '', 0, 0, '0000-00-00', 0, 0, 0),
(45, 'Orges Biba ', 0, '0000-00-00', '', '', '', '', '', '', 0, 0, '0000-00-00', 0, 0, 0),
(46, 'Leonardo Meraj ', 0, '0000-00-00', '', '', '', '', '', '', 0, 0, '0000-00-00', 0, 0, 0),
(47, 'Ardit Haveriku ', 0, '0000-00-00', '', '', '', '', '', '', 0, 0, '0000-00-00', 0, 0, 0),
(48, 'Cherald Berisha', 0, '0000-00-00', '', '', '', '', '', '', 0, 0, '0000-00-00', 0, 0, 0),
(49, 'Noel Saraci', 0, '0000-00-00', '', '', '', '', '', '', 0, 0, '0000-00-00', 0, 0, 0),
(50, 'Arber Aqifi ', 0, '0000-00-00', '', '', '', '', '', '', 0, 0, '0000-00-00', 0, 0, 0),
(51, 'Aaron Lura ', 0, '0000-00-00', '', '', '', '', '', '', 0, 0, '0000-00-00', 0, 0, 0),
(52, 'Kevin Allushi ', 0, '0000-00-00', '', '', '', '', '', '', 0, 0, '0000-00-00', 0, 0, 0),
(53, 'Lorenc Gjoka ', 0, '0000-00-00', '', '', '', '', '', '', 0, 0, '0000-00-00', 0, 0, 0),
(54, 'Englos Bardhi ', 0, '0000-00-00', '', '', '', '', '', '', 0, 0, '0000-00-00', 0, 0, 0),
(55, 'Rexhes Loci ', 0, '0000-00-00', '', '', '', '', '', '', 0, 0, '0000-00-00', 0, 0, 0),
(56, 'Klojdian Beko', 0, '0000-00-00', '', '', '', '', '', '', 0, 0, '0000-00-00', 0, 0, 0),
(57, 'Anisa Seferi ', 0, '0000-00-00', '', '', '', '', '', '', 0, 0, '0000-00-00', 0, 0, 0),
(58, 'Oliana Keto', 0, '0000-00-00', '', '', '', '', '', '', 0, 0, '0000-00-00', 0, 0, 0),
(59, 'Lorida Bakalli ', 0, '0000-00-00', '', '', '', '', '', '', 0, 0, '0000-00-00', 0, 0, 0),
(60, 'Benardo Murati ', 0, '0000-00-00', '', '', '', '', '', '', 0, 0, '0000-00-00', 0, 0, 0),
(61, 'Endrit Mulosmani ', 0, '0000-00-00', '', '', '', '', '', '', 0, 0, '0000-00-00', 0, 0, 0),
(62, 'Dejvis Spaho ', 0, '0000-00-00', '', '', '', '', '', '', 0, 0, '0000-00-00', 0, 0, 0),
(63, 'Trevi Hysa ', 0, '0000-00-00', '', '', '', '', '', '', 0, 0, '0000-00-00', 0, 0, 0),
(64, 'Ledio Ismaili ', 0, '0000-00-00', '', '', '', '', '', '', 0, 0, '0000-00-00', 0, 0, 0),
(65, 'Joni Kupe ', 0, '0000-00-00', '', '', '', '', '', '', 0, 0, '0000-00-00', 0, 0, 0),
(66, 'Mathias Dariu ', 0, '0000-00-00', '', '', '', '', '', '', 0, 0, '0000-00-00', 0, 0, 0),
(67, 'Ared Ruci ', 0, '0000-00-00', '', '', '', '', '', '', 0, 0, '0000-00-00', 0, 0, 0),
(68, 'Jonus Fuga ', 0, '0000-00-00', '', '', '', '', '', '', 0, 0, '0000-00-00', 0, 0, 0),
(69, 'Zylger Beqaj ', 0, '0000-00-00', '', '', '', '', '', '', 0, 0, '0000-00-00', 0, 0, 0),
(70, 'Ksandro Rustemi ', 0, '0000-00-00', '', '', '', '', '', '', 0, 0, '0000-00-00', 0, 0, 0),
(71, 'Henrik Lupi ', 0, '0000-00-00', '', '', '', '', '', '', 0, 0, '0000-00-00', 0, 0, 0),
(72, 'Xhelion Lika ', 0, '0000-00-00', '', '', '', '', '', '', 0, 0, '0000-00-00', 0, 0, 0),
(73, 'Ronjel Zeqiri ', 0, '0000-00-00', '', '', '', '', '', '', 0, 0, '0000-00-00', 0, 0, 0),
(74, 'Agon Kamo ', 0, '0000-00-00', '', '', '', '', '', '', 0, 0, '0000-00-00', 0, 0, 0),
(75, 'Xhulio Kurti ', 0, '0000-00-00', '', '', '', '', '', '', 0, 0, '0000-00-00', 0, 0, 0),
(76, 'Irgi Manreka ', 0, '0000-00-00', '', '', '', '', '', '', 0, 0, '0000-00-00', 0, 0, 0),
(77, 'Lis Kico ', 0, '0000-00-00', '', '', '', '', '', '', 0, 0, '0000-00-00', 0, 0, 0),
(78, 'Lirdi Budo ', 0, '0000-00-00', '', '', '', '', '', '', 0, 0, '0000-00-00', 0, 0, 0),
(79, 'Egis Hasani ', 0, '0000-00-00', '', '', '', '', '', '', 0, 0, '0000-00-00', 0, 0, 0),
(80, 'Kristi Murataj ', 0, '0000-00-00', '', '', '', '', '', '', 0, 0, '0000-00-00', 0, 0, 0),
(81, 'Alvin Shehu ', 0, '0000-00-00', '', '', '', '', '', '', 0, 0, '0000-00-00', 0, 0, 0),
(82, 'Gledis Kodra ', 0, '0000-00-00', '', '', '', '', '', '', 0, 0, '0000-00-00', 0, 0, 0),
(83, 'Skerdi Kuka ', 0, '0000-00-00', '', '', '', '', '', '', 0, 0, '0000-00-00', 0, 0, 0),
(84, 'Olger Kodra ', 0, '0000-00-00', '', '', '', '', '', '', 0, 0, '0000-00-00', 0, 0, 0),
(85, 'Kledjon Telha ', 0, '0000-00-00', '', '', '', '', '', '', 0, 0, '0000-00-00', 0, 0, 0),
(86, 'Renis Sulaj ', 0, '0000-00-00', '', '', '', '', '', '', 0, 0, '0000-00-00', 0, 0, 0),
(87, 'Erald Hoxha ', 0, '0000-00-00', '', '', '', '', '', '', 0, 0, '0000-00-00', 0, 0, 0),
(88, 'Arlind Zenelaj ', 0, '0000-00-00', '', '', '', '', '', '', 0, 0, '0000-00-00', 0, 0, 0),
(89, 'Kledi Zoja ', 0, '0000-00-00', '', '', '', '', '', '', 0, 0, '0000-00-00', 0, 0, 0),
(90, 'Erli Lusha ', 0, '0000-00-00', '', '', '', '', '', '', 0, 0, '0000-00-00', 0, 0, 0),
(91, 'Taned Zeqo ', 0, '0000-00-00', '', '', '', '', '', '', 0, 0, '0000-00-00', 0, 0, 0),
(92, 'Eugert Donaj ', 0, '0000-00-00', '', '', '', '', '', '', 0, 0, '0000-00-00', 0, 0, 0),
(93, 'Besard Lami ', 0, '0000-00-00', '', '', '', '', '', '', 0, 0, '0000-00-00', 0, 0, 0),
(94, 'Indrit Lika ', 0, '0000-00-00', '', '', '', '', '', '', 0, 0, '0000-00-00', 0, 0, 0),
(95, 'Dhjonis Doko', 0, '0000-00-00', '', '', '', '', '', '', 0, 0, '0000-00-00', 0, 0, 0),
(96, 'Erald Murrani ', 0, '0000-00-00', '', '', '', '', '', '', 0, 0, '0000-00-00', 0, 0, 0),
(97, 'Samuel Hamiti ', 0, '0000-00-00', '', '', '', '', '', '', 0, 0, '0000-00-00', 0, 0, 0),
(98, 'Antonela Shehu ', 0, '0000-00-00', '', '', '', '', '', '', 0, 0, '0000-00-00', 0, 0, 0),
(99, 'Mateo Zeneli ', 0, '0000-00-00', '', '', '', '', '', '', 0, 0, '0000-00-00', 0, 0, 0),
(100, 'Aden Isufi ', 0, '0000-00-00', '', '', '', '', '', '', 0, 0, '0000-00-00', 0, 0, 0),
(101, 'Samanta Mesiti ', 0, '0000-00-00', '', '', '', '', '', '', 0, 0, '0000-00-00', 0, 0, 0),
(102, 'Behar Plaka ', 0, '0000-00-00', '', '', '', '', '', '', 0, 0, '0000-00-00', 0, 0, 0),
(103, 'Negi Gjediku ', 0, '0000-00-00', '', '', '', '', '', '', 0, 0, '0000-00-00', 0, 0, 0),
(104, 'Elton Kordhaku ', 0, '0000-00-00', '', '', '', '', '', '', 0, 0, '0000-00-00', 0, 0, 0),
(105, 'Ervin Musaku ', 0, '0000-00-00', '', '', '', '', '', '', 0, 0, '0000-00-00', 0, 0, 0),
(106, 'Doris Picari ', 0, '0000-00-00', '', '', '', '', '', '', 0, 0, '0000-00-00', 0, 0, 0),
(107, 'Kejsi Skenderi ', 0, '0000-00-00', '', '', '', '', '', '', 0, 0, '0000-00-00', 0, 0, 0),
(108, 'Gerald Jazaj ', 0, '0000-00-00', '', '', '', '', '', '', 0, 0, '0000-00-00', 0, 0, 0),
(109, 'Emanuel Miftari ', 0, '0000-00-00', '', '', '', '', '', '', 0, 0, '0000-00-00', 0, 0, 0),
(110, 'Xhesjon Filaj ', 0, '0000-00-00', '', '', '', '', '', '', 0, 0, '0000-00-00', 0, 0, 0),
(111, 'Fiona Rako ', 0, '0000-00-00', '', '', '', '', '', '', 0, 0, '0000-00-00', 0, 0, 0),
(112, 'Ervis Fuga ', 0, '0000-00-00', '', '', '', '', '', '', 0, 0, '0000-00-00', 0, 0, 0),
(113, 'Meris Shehi ', 0, '0000-00-00', '', '', '', '', '', '', 0, 0, '0000-00-00', 0, 0, 0),
(114, 'Endri Voka ', 0, '0000-00-00', '', '', '', '', '', '', 0, 0, '0000-00-00', 0, 0, 0),
(115, 'Marjol Binja ', 0, '0000-00-00', '', '', '', '', '', '', 0, 0, '0000-00-00', 0, 0, 0),
(116, 'Ergis Binja ', 0, '0000-00-00', '', '', '', '', '', '', 0, 0, '0000-00-00', 0, 0, 0),
(117, 'Rugen Mema ', 0, '0000-00-00', '', '', '', '', '', '', 0, 0, '0000-00-00', 0, 0, 0),
(118, 'Ilir Basha ', 0, '0000-00-00', '', '', '', '', '', '', 0, 0, '0000-00-00', 0, 0, 0),
(119, 'Dejvi Mehilla ', 0, '0000-00-00', '', '', '', '', '', '', 0, 0, '0000-00-00', 0, 0, 0),
(120, 'Orest Kovaci ', 0, '0000-00-00', '', '', '', '', '', '', 0, 0, '0000-00-00', 0, 0, 0),
(121, 'Kristi Uka ', 0, '0000-00-00', '', '', '', '', '', '', 0, 0, '0000-00-00', 0, 0, 0),
(122, 'Ceni Cela ', 0, '0000-00-00', '', '', '', '', '', '', 0, 0, '0000-00-00', 0, 0, 0),
(123, 'Flavio Perona ', 0, '0000-00-00', '', '', '', '', '', '', 0, 0, '0000-00-00', 0, 0, 0),
(124, 'Ardit Kasanaj ', 0, '0000-00-00', '', '', '', '', '', '', 0, 0, '0000-00-00', 0, 0, 0),
(125, 'Natanael Prendi ', 0, '0000-00-00', '', '', '', '', '', '', 0, 0, '0000-00-00', 0, 0, 0),
(126, 'Jurgen Falli ', 0, '0000-00-00', '', '', '', '', '', '', 0, 0, '0000-00-00', 0, 0, 0),
(127, 'Fjoralb Musta ', 0, '0000-00-00', '', '', '', '', '', '', 0, 0, '0000-00-00', 0, 0, 0),
(128, 'Renato Taku ', 0, '0000-00-00', '', '', '', '', '', '', 0, 0, '0000-00-00', 0, 0, 0),
(129, 'Enio Kosta ', 0, '0000-00-00', '', '', '', '', '', '', 0, 0, '0000-00-00', 0, 0, 0),
(130, 'Klaudjo Kapllanaj ', 0, '0000-00-00', '', '', '', '', '', '', 0, 0, '0000-00-00', 0, 0, 0),
(131, 'Ilvi Borici ', 0, '0000-00-00', '', '', '', '', '', '', 0, 0, '0000-00-00', 0, 0, 0),
(132, 'Albin Jeshili ', 0, '0000-00-00', '', '', '', '', '', '', 0, 0, '0000-00-00', 0, 0, 0),
(133, 'Triston Nurcellari ', 0, '0000-00-00', '', '', '', '', '', '', 0, 0, '0000-00-00', 0, 0, 0),
(134, 'Mariglen Kola ', 0, '0000-00-00', '', '', '', '', '', '', 0, 0, '0000-00-00', 0, 0, 0),
(135, 'Klejdi Peti ', 0, '0000-00-00', '', '', '', '', '', '', 0, 0, '0000-00-00', 0, 0, 0),
(136, 'Indrit Mucadeni ', 0, '0000-00-00', '', '', '', '', '', '', 0, 0, '0000-00-00', 0, 0, 0),
(137, 'Enes Shehi ', 0, '0000-00-00', '', '', '', '', '', '', 0, 0, '0000-00-00', 0, 0, 0),
(138, 'Flavio Dervishi ', 0, '0000-00-00', '', '', '', '', '', '', 0, 0, '0000-00-00', 0, 0, 0),
(139, 'Aurel Beqja ', 0, '0000-00-00', '', '', '', '', '', '', 0, 0, '0000-00-00', 0, 0, 0),
(140, 'Eligert Xhafa ', 0, '0000-00-00', '', '', '', '', '', '', 0, 0, '0000-00-00', 0, 0, 0),
(141, 'Ani Brahimaj ', 0, '0000-00-00', '', '', '', '', '', '', 0, 0, '0000-00-00', 0, 0, 0),
(142, 'Arber Allushi ', 0, '0000-00-00', '', '', '', '', '', '', 0, 0, '0000-00-00', 0, 0, 0),
(143, 'Martin Dedja ', 0, '0000-00-00', '', '', '', '', '', '', 0, 0, '0000-00-00', 0, 0, 0),
(144, 'Stefanos Beli ', 0, '0000-00-00', '', '', '', '', '', '', 0, 0, '0000-00-00', 0, 0, 0),
(145, 'Blerim Tocila ', 0, '0000-00-00', '', '', '', '', '', '', 0, 0, '0000-00-00', 0, 0, 0),
(146, 'Armando Kola ', 0, '0000-00-00', '', '', '', '', '', '', 0, 0, '0000-00-00', 0, 0, 0),
(147, 'Amar Baci ', 0, '0000-00-00', '', '', '', '', '', '', 0, 0, '0000-00-00', 0, 0, 0),
(148, 'Fatjon Xhaka ', 0, '0000-00-00', '', '', '', '', '', '', 0, 0, '0000-00-00', 0, 0, 0),
(149, 'Renis Gerdeci ', 0, '0000-00-00', '', '', '', '', '', '', 0, 0, '0000-00-00', 0, 0, 0),
(150, 'Fjoralb Hoxha ', 0, '0000-00-00', '', '', '', '', '', '', 0, 0, '0000-00-00', 0, 0, 0),
(151, 'Jurgen Rode ', 0, '0000-00-00', '', '', '', '', '', '', 0, 0, '0000-00-00', 0, 0, 0),
(152, 'Klajdi Qordja ', 0, '0000-00-00', '', '', '', '', '', '', 0, 0, '0000-00-00', 0, 0, 0),
(153, 'Stiliano Berdufi ', 0, '0000-00-00', '', '', '', '', '', '', 0, 0, '0000-00-00', 0, 0, 0),
(154, 'Renis Rroshi ', 0, '0000-00-00', '', '', '', '', '', '', 0, 0, '0000-00-00', 0, 0, 0),
(155, 'Kledion Cekrezi ', 0, '0000-00-00', '', '', '', '', '', '', 0, 0, '0000-00-00', 0, 0, 0),
(156, 'Kadri Kuka ', 0, '0000-00-00', '', '', '', '', '', '', 0, 0, '0000-00-00', 0, 0, 0),
(157, 'Erti Gjerazi ', 0, '0000-00-00', '', '', '', '', '', '', 0, 0, '0000-00-00', 0, 0, 0),
(158, 'Grejsi Xhialli ', 0, '0000-00-00', '', '', '', '', '', '', 0, 0, '0000-00-00', 0, 0, 0),
(159, 'Soni Nikolli ', 0, '0000-00-00', '', '', '', '', '', '', 0, 0, '0000-00-00', 0, 0, 0),
(160, 'Alesio Tushi ', 0, '0000-00-00', '', '', '', '', '', '', 0, 0, '0000-00-00', 0, 0, 0),
(161, 'Alesjo Manaj ', 0, '0000-00-00', '', '', '', '', '', '', 0, 0, '0000-00-00', 0, 0, 0),
(162, 'Orges Bega ', 0, '0000-00-00', '', '', '', '', '', '', 0, 0, '0000-00-00', 0, 0, 0),
(163, 'Lulzim Sadikaj ', 0, '0000-00-00', '', '', '', '', '', '', 0, 0, '0000-00-00', 0, 0, 0),
(164, 'Armando Nano ', 0, '0000-00-00', '', '', '', '', '', '', 0, 0, '0000-00-00', 0, 0, 0),
(165, 'Gehart Lika ', 0, '0000-00-00', '', '', '', '', '', '', 0, 0, '0000-00-00', 0, 0, 0),
(166, 'Endi Malaj ', 0, '0000-00-00', '', '', '', '', '', '', 0, 0, '0000-00-00', 0, 0, 0),
(167, 'Franci Ibro ', 0, '0000-00-00', '', '', '', '', '', '', 0, 0, '0000-00-00', 0, 0, 0),
(168, 'Klevis Biraci ', 0, '0000-00-00', '', '', '', '', '', '', 0, 0, '0000-00-00', 0, 0, 0),
(169, 'Denis Sorra ', 0, '0000-00-00', '', '', '', '', '', '', 0, 0, '0000-00-00', 0, 0, 0),
(170, 'Rei Zaimi ', 0, '0000-00-00', '', '', '', '', '', '', 0, 0, '0000-00-00', 0, 0, 0),
(171, 'Krist Bazatlliu ', 0, '0000-00-00', '', '', '', '', '', '', 0, 0, '0000-00-00', 0, 0, 0),
(172, 'Daniel Doda ', 0, '0000-00-00', '', '', '', '', '', '', 0, 0, '0000-00-00', 0, 0, 0),
(173, 'Klaudio Jako ', 0, '0000-00-00', '', '', '', '', '', '', 0, 0, '0000-00-00', 0, 0, 0),
(174, 'Denis Osmani', 0, '0000-00-00', '', '', '', '', '', '', 0, 0, '0000-00-00', 0, 0, 0),
(175, 'Klevis Dollani ', 0, '0000-00-00', '', '', '', '', '', '', 0, 0, '0000-00-00', 0, 0, 0),
(176, 'Adriano Ferizi ', 0, '0000-00-00', '', '', '', '', '', '', 0, 0, '0000-00-00', 0, 0, 0),
(177, 'Elian Dauti ', 0, '0000-00-00', '', '', '', '', '', '', 0, 0, '0000-00-00', 0, 0, 0),
(178, 'Kristian Cuko ', 0, '0000-00-00', '', '', '', '', '', '', 0, 0, '0000-00-00', 0, 0, 0),
(179, 'Klaidi Saliasi ', 0, '0000-00-00', '', '', '', '', '', '', 0, 0, '0000-00-00', 0, 0, 0),
(180, 'Nezir Kerciku ', 0, '0000-00-00', '', '', '', '', '', '', 0, 0, '0000-00-00', 0, 0, 0),
(181, 'Renis Karaj ', 0, '0000-00-00', '', '', '', '', '', '', 0, 0, '0000-00-00', 0, 0, 0),
(182, 'Klejdi Dunga ', 0, '0000-00-00', '', '', '', '', '', '', 0, 0, '0000-00-00', 0, 0, 0),
(183, 'Klaudio Cahani ', 0, '0000-00-00', '', '', '', '', '', '', 0, 0, '0000-00-00', 0, 0, 0),
(184, 'Klajdi Agalliu ', 0, '0000-00-00', '', '', '', '', '', '', 0, 0, '0000-00-00', 0, 0, 0),
(185, 'Ergest Agolli ', 0, '0000-00-00', '', '', '', '', '', '', 0, 0, '0000-00-00', 0, 0, 0),
(186, 'Kristo Kristo ', 0, '0000-00-00', '', '', '', '', '', '', 0, 0, '0000-00-00', 0, 0, 0),
(187, 'Arjol Abedinaj ', 0, '0000-00-00', '', '', '', '', '', '', 0, 0, '0000-00-00', 0, 0, 0),
(188, 'Alfred Teta', 0, '0000-00-00', '', '', '', '', '', '', 0, 0, '0000-00-00', 0, 0, 0),
(189, 'Ervin Mane ', 0, '0000-00-00', '', '', '', '', '', '', 0, 0, '0000-00-00', 0, 0, 0),
(190, 'Gerald Aga ', 0, '0000-00-00', '', '', '', '', '', '', 0, 0, '0000-00-00', 0, 0, 0),
(191, 'Ergin Sinaj', 0, '0000-00-00', '', '', '', '', '', '', 0, 0, '0000-00-00', 0, 0, 0),
(192, 'Naldo Alia', 0, '0000-00-00', '', '', '', '', '', '', 0, 0, '0000-00-00', 0, 0, 0),
(193, 'Nertil Mucaj ', 0, '0000-00-00', '', '', '', '', '', '', 0, 0, '0000-00-00', 0, 0, 0),
(194, 'Hamdi Qazimllari ', 0, '0000-00-00', '', '', '', '', '', '', 0, 0, '0000-00-00', 0, 0, 0),
(195, 'Nelson Cokaj ', 0, '0000-00-00', '', '', '', '', '', '', 0, 0, '0000-00-00', 0, 0, 0),
(196, 'Emanuel Kasa ', 0, '0000-00-00', '', '', '', '', '', '', 0, 0, '0000-00-00', 0, 0, 0),
(197, 'Ergis Gjinaj ', 0, '0000-00-00', '', '', '', '', '', '', 0, 0, '0000-00-00', 0, 0, 0),
(198, 'Albi Belba ', 0, '0000-00-00', '', '', '', '', '', '', 0, 0, '0000-00-00', 0, 0, 0),
(199, 'Klajdi Vulka ', 0, '0000-00-00', '', '', '', '', '', '', 0, 0, '0000-00-00', 0, 0, 0),
(200, 'Dhimitri Lipe ', 0, '0000-00-00', '', '', '', '', '', '', 0, 0, '0000-00-00', 0, 0, 0),
(201, 'Roland Dafku ', 0, '0000-00-00', '', '', '', '', '', '', 0, 0, '0000-00-00', 0, 0, 0),
(202, 'Ledio Qarri ', 0, '0000-00-00', '', '', '', '', '', '', 0, 0, '0000-00-00', 0, 0, 0),
(203, 'Florenc Vatnikaj ', 0, '0000-00-00', '', '', '', '', '', '', 0, 0, '0000-00-00', 0, 0, 0),
(204, 'Erlind Gjonpalaj ', 0, '0000-00-00', '', '', '', '', '', '', 0, 0, '0000-00-00', 0, 0, 0),
(205, 'Beals Jakini', 0, '0000-00-00', '', '', '', '', '', '', 0, 0, '0000-00-00', 0, 0, 0),
(206, 'Laers Myftari ', 0, '0000-00-00', '', '', '', '', '', '', 0, 0, '0000-00-00', 0, 0, 0),
(207, 'Luis Yza ', 0, '0000-00-00', '', '', '', '', '', '', 0, 0, '0000-00-00', 0, 0, 0),
(208, 'Klajdi Hasrama ', 0, '0000-00-00', '', '', '', '', '', '', 0, 0, '0000-00-00', 0, 0, 0),
(209, 'Orest Arapaj ', 0, '0000-00-00', '', '', '', '', '', '', 0, 0, '0000-00-00', 0, 0, 0),
(210, 'Andrea Topi ', 0, '0000-00-00', '', '', '', '', '', '', 0, 0, '0000-00-00', 0, 0, 0),
(211, 'Amarildo Sulaj ', 0, '0000-00-00', '', '', '', '', '', '', 0, 0, '0000-00-00', 0, 0, 0),
(212, 'Arber Bashllari ', 0, '0000-00-00', '', '', '', '', '', '', 0, 0, '0000-00-00', 0, 0, 0),
(213, 'Aldi Matmuja ', 0, '0000-00-00', '', '', '', '', '', '', 0, 0, '0000-00-00', 0, 0, 0),
(214, 'Amaro Karaj ', 0, '0000-00-00', '', '', '', '', '', '', 0, 0, '0000-00-00', 0, 0, 0),
(215, 'Elsuad Duraku ', 0, '0000-00-00', '', '', '', '', '', '', 0, 0, '0000-00-00', 0, 0, 0),
(216, 'Elind Hasanaj ', 0, '0000-00-00', '', '', '', '', '', '', 0, 0, '0000-00-00', 0, 0, 0),
(217, 'Klevis Braka ', 0, '0000-00-00', '', '', '', '', '', '', 0, 0, '0000-00-00', 0, 0, 0),
(218, 'Klei Lika ', 0, '0000-00-00', '', '', '', '', '', '', 0, 0, '0000-00-00', 0, 0, 0),
(219, 'Endri Topuzi ', 0, '0000-00-00', '', '', '', '', '', '', 0, 0, '0000-00-00', 0, 0, 0),
(220, 'Klevis Mali ', 0, '0000-00-00', '', '', '', '', '', '', 0, 0, '0000-00-00', 0, 0, 0),
(221, 'Elio Domi ', 0, '0000-00-00', '', '', '', '', '', '', 0, 0, '0000-00-00', 0, 0, 0),
(222, 'Samuel Rrukaj ', 0, '0000-00-00', '', '', '', '', '', '', 0, 0, '0000-00-00', 0, 0, 0),
(223, 'Noel Guri ', 0, '0000-00-00', '', '', '', '', '', '', 0, 0, '0000-00-00', 0, 0, 0),
(224, 'Elio Marku ', 0, '0000-00-00', '', '', '', '', '', '', 0, 0, '0000-00-00', 0, 0, 0),
(225, 'Andi Rusi ', 0, '0000-00-00', '', '', '', '', '', '', 0, 0, '0000-00-00', 0, 0, 0),
(226, 'Endi Xhafa ', 0, '0000-00-00', '', '', '', '', '', '', 0, 0, '0000-00-00', 0, 0, 0),
(227, 'Egli Duka ', 0, '0000-00-00', '', '', '', '', '', '', 0, 0, '0000-00-00', 0, 0, 0),
(228, 'Klevis Spahiu ', 0, '0000-00-00', '', '', '', '', '', '', 0, 0, '0000-00-00', 0, 0, 0),
(229, 'Orges Lime ', 0, '0000-00-00', '', '', '', '', '', '', 0, 0, '0000-00-00', 0, 0, 0),
(230, 'Alesio Muca ', 0, '0000-00-00', '', '', '', '', '', '', 0, 0, '0000-00-00', 0, 0, 0),
(231, 'Dea Kreka ', 0, '0000-00-00', '', '', '', '', '', '', 0, 0, '0000-00-00', 0, 0, 0),
(232, 'Rea Zagorcani ', 0, '0000-00-00', '', '', '', '', '', '', 0, 0, '0000-00-00', 0, 0, 0),
(233, 'Desara Xhaja ', 0, '0000-00-00', '', '', '', '', '', '', 0, 0, '0000-00-00', 0, 0, 0),
(234, 'Ester Sedini ', 0, '0000-00-00', '', '', '', '', '', '', 0, 0, '0000-00-00', 0, 0, 0),
(235, 'Dea Sulejmani ', 0, '0000-00-00', '', '', '', '', '', '', 0, 0, '0000-00-00', 0, 0, 0),
(236, 'Anja Braculla ', 0, '0000-00-00', '', '', '', '', '', '', 0, 0, '0000-00-00', 0, 0, 0),
(237, 'Endi Shytani ', 0, '0000-00-00', '', '', '', '', '', '', 0, 0, '0000-00-00', 0, 0, 0),
(238, 'Amarda Maci ', 0, '0000-00-00', '', '', '', '', '', '', 0, 0, '0000-00-00', 0, 0, 0),
(239, 'Klea Guri ', 0, '0000-00-00', '', '', '', '', '', '', 0, 0, '0000-00-00', 0, 0, 0),
(240, 'Enea Cina ', 0, '0000-00-00', '', '', '', '', '', '', 0, 0, '0000-00-00', 0, 0, 0),
(241, 'Tedis Cico ', 0, '0000-00-00', '', '', '', '', '', '', 0, 0, '0000-00-00', 0, 0, 0),
(242, 'Alens Cuedari ', 0, '0000-00-00', '', '', '', '', '', '', 0, 0, '0000-00-00', 0, 0, 0),
(243, 'Endri Mustafaj ', 0, '0000-00-00', '', '', '', '', '', '', 0, 0, '0000-00-00', 0, 0, 0),
(244, 'Nikolas Nikshiqi ', 0, '0000-00-00', '', '', '', '', '', '', 0, 0, '0000-00-00', 0, 0, 0),
(245, 'Marko Sauku ', 0, '0000-00-00', '', '', '', '', '', '', 0, 0, '0000-00-00', 0, 0, 0),
(246, 'Albion Osmanaj ', 0, '0000-00-00', '', '', '', '', '', '', 0, 0, '0000-00-00', 0, 0, 0),
(247, 'Mariglen Boba ', 0, '0000-00-00', '', '', '', '', '', '', 0, 0, '0000-00-00', 0, 0, 0),
(248, 'Keslin Shani ', 0, '0000-00-00', '', '', '', '', '', '', 0, 0, '0000-00-00', 0, 0, 0),
(249, 'Embi Kote ', 0, '0000-00-00', '', '', '', '', '', '', 0, 0, '0000-00-00', 0, 0, 0),
(250, 'Jamber Qyrdedi ', 0, '0000-00-00', '', '', '', '', '', '', 0, 0, '0000-00-00', 0, 0, 0),
(251, 'Martin Muedini ', 0, '0000-00-00', '', '', '', '', '', '', 0, 0, '0000-00-00', 0, 0, 0),
(252, 'Klaus Hasaj ', 0, '0000-00-00', '', '', '', '', '', '', 0, 0, '0000-00-00', 0, 0, 0),
(253, 'Ersa Shtjefni ', 0, '0000-00-00', '', '', '', '', '', '', 0, 0, '0000-00-00', 0, 0, 0),
(254, 'Tana Hoxha ', 0, '0000-00-00', '', '', '', '', '', '', 0, 0, '0000-00-00', 0, 0, 0),
(255, 'Jona Sulovari ', 0, '0000-00-00', '', '', '', '', '', '', 0, 0, '0000-00-00', 0, 0, 0),
(256, 'Igers Kapaj ', 0, '0000-00-00', '', '', '', '', '', '', 0, 0, '0000-00-00', 0, 0, 0),
(257, 'Livia Shkreli ', 0, '0000-00-00', '', '', '', '', '', '', 0, 0, '0000-00-00', 0, 0, 0),
(258, 'Tea Kandraxhiu ', 0, '0000-00-00', '', '', '', '', '', '', 0, 0, '0000-00-00', 0, 0, 0),
(259, 'Erinda Berhami ', 0, '0000-00-00', '', '', '', '', '', '', 0, 0, '0000-00-00', 0, 0, 0),
(260, 'Amarda Koni ', 0, '0000-00-00', '', '', '', '', '', '', 0, 0, '0000-00-00', 0, 0, 0),
(261, 'Sara Lika ', 0, '0000-00-00', '', '', '', '', '', '', 0, 0, '0000-00-00', 0, 0, 0),
(262, 'Persila Sulkaj ', 0, '0000-00-00', '', '', '', '', '', '', 0, 0, '0000-00-00', 0, 0, 0),
(263, 'Klejdi Kaziu ', 0, '0000-00-00', '', '', '', '', '', '', 0, 0, '0000-00-00', 0, 0, 0),
(264, 'Emil Agolli ', 0, '0000-00-00', '', '', '', '', '', '', 0, 0, '0000-00-00', 0, 0, 0),
(265, 'Leonardo Aruci ', 0, '0000-00-00', '', '', '', '', '', '', 0, 0, '0000-00-00', 0, 0, 0),
(266, 'Arion Lelaj ', 0, '0000-00-00', '', '', '', '', '', '', 0, 0, '0000-00-00', 0, 0, 0),
(267, 'Geraldo Ismaili ', 0, '0000-00-00', '', '', '', '', '', '', 0, 0, '0000-00-00', 0, 0, 0),
(268, 'Klevis Doga ', 0, '0000-00-00', '', '', '', '', '', '', 0, 0, '0000-00-00', 0, 0, 0),
(269, 'Rei Lala ', 0, '0000-00-00', '', '', '', '', '', '', 0, 0, '0000-00-00', 0, 0, 0),
(270, 'Jurgen Duraku ', 0, '0000-00-00', '', '', '', '', '', '', 0, 0, '0000-00-00', 0, 0, 0),
(271, 'Andi Nela ', 0, '0000-00-00', '', '', '', '', '', '', 0, 0, '0000-00-00', 0, 0, 0),
(272, 'Petros Hasani ', 0, '0000-00-00', '', '', '', '', '', '', 0, 0, '0000-00-00', 0, 0, 0),
(273, 'Jurgen Shemeta ', 0, '0000-00-00', '', '', '', '', '', '', 0, 0, '0000-00-00', 0, 0, 0),
(274, 'Arben Tali ', 0, '0000-00-00', '', '', '', '', '', '', 0, 0, '0000-00-00', 0, 0, 0),
(275, 'Anduela Metkolaj ', 0, '0000-00-00', '', '', '', '', '', '', 0, 0, '0000-00-00', 0, 0, 0),
(276, 'Renajda Metani ', 0, '0000-00-00', '', '', '', '', '', '', 0, 0, '0000-00-00', 0, 0, 0),
(277, 'Ermonela Berzeshta ', 0, '0000-00-00', '', '', '', '', '', '', 0, 0, '0000-00-00', 0, 0, 0),
(278, 'Florida Hima ', 0, '0000-00-00', '', '', '', '', '', '', 0, 0, '0000-00-00', 0, 0, 0),
(279, 'Kornelia Taja ', 0, '0000-00-00', '', '', '', '', '', '', 0, 0, '0000-00-00', 0, 0, 0),
(280, 'Maida Bejleri ', 0, '0000-00-00', '', '', '', '', '', '', 0, 0, '0000-00-00', 0, 0, 0),
(281, 'Megi Dino ', 0, '0000-00-00', '', '', '', '', '', '', 0, 0, '0000-00-00', 0, 0, 0),
(282, 'Xhevaire Zika ', 0, '0000-00-00', '', '', '', '', '', '', 0, 0, '0000-00-00', 0, 0, 0),
(283, 'Ensi Cakciri ', 0, '0000-00-00', '', '', '', '', '', '', 0, 0, '0000-00-00', 0, 0, 0),
(284, 'Odeta Tali ', 0, '0000-00-00', '', '', '', '', '', '', 0, 0, '0000-00-00', 0, 0, 0),
(285, 'Klea Plasa ', 0, '0000-00-00', '', '', '', '', '', '', 0, 0, '0000-00-00', 0, 0, 0),
(286, 'Mikael Refatllari ', 0, '0000-00-00', '', '', '', '', '', '', 0, 0, '0000-00-00', 0, 0, 0),
(287, 'Aleksandros Refatllari ', 0, '0000-00-00', '', '', '', '', '', '', 0, 0, '0000-00-00', 0, 0, 0),
(288, 'Clandro Ceni ', 0, '0000-00-00', '', '', '', '', '', '', 0, 0, '0000-00-00', 0, 0, 0),
(289, 'Endri Niko ', 0, '0000-00-00', '', '', '', '', '', '', 0, 0, '0000-00-00', 0, 0, 0),
(290, 'Mario Kumaraku ', 0, '0000-00-00', '', '', '', '', '', '', 0, 0, '0000-00-00', 0, 0, 0),
(291, 'Kiero Kerkuti ', 0, '0000-00-00', '', '', '', '', '', '', 0, 0, '0000-00-00', 0, 0, 0),
(292, 'Ahmet Mehillaj ', 0, '0000-00-00', '', '', '', '', '', '', 0, 0, '0000-00-00', 0, 0, 0),
(293, 'Denis Koni ', 0, '0000-00-00', '', '', '', '', '', '', 0, 0, '0000-00-00', 0, 0, 0),
(294, 'Redi Lazimi ', 0, '0000-00-00', '', '', '', '', '', '', 0, 0, '0000-00-00', 0, 0, 0),
(295, 'Dejv Islamaj', 0, '0000-00-00', '', '', '', '', '', '', 0, 0, '0000-00-00', 0, 0, 0),
(296, 'Anxhelo  Jacaj', 0, '0000-00-00', '', '', '', '', '', '', 0, 0, '0000-00-00', 0, 0, 0),
(297, 'Ardit  Kambo', 0, '0000-00-00', '', '', '', '', '', '', 0, 0, '0000-00-00', 0, 0, 0),
(298, 'Aron  Dauti', 0, '0000-00-00', '', '', '', '', '', '', 0, 0, '0000-00-00', 0, 0, 0),
(299, 'Dario   Kalluci', 0, '0000-00-00', '', '', '', '', '', '', 0, 0, '0000-00-00', 0, 0, 0),
(300, 'Emanuel  Allmeta', 0, '0000-00-00', '', '', '', '', '', '', 0, 0, '0000-00-00', 0, 0, 0),
(301, 'Enidian  Ibrahimi', 0, '0000-00-00', '', '', '', '', '', '', 0, 0, '0000-00-00', 0, 0, 0),
(302, 'Erjon   Malaj', 0, '0000-00-00', '', '', '', '', '', '', 0, 0, '0000-00-00', 0, 0, 0),
(303, 'Fabiol  Xhelali', 0, '0000-00-00', '', '', '', '', '', '', 0, 0, '0000-00-00', 0, 0, 0),
(304, 'Ferhat  Bushi', 0, '0000-00-00', '', '', '', '', '', '', 0, 0, '0000-00-00', 0, 0, 0),
(305, 'Gerald  Dragoti', 0, '0000-00-00', '', '', '', '', '', '', 0, 0, '0000-00-00', 0, 0, 0),
(306, 'Gledis Hoxha', 0, '0000-00-00', '', '', '', '', '', '', 0, 0, '0000-00-00', 0, 0, 0),
(307, 'Gerald  Kolaj', 0, '0000-00-00', '', '', '', '', '', '', 0, 0, '0000-00-00', 0, 0, 0),
(308, 'Gresian  Hajdari', 0, '0000-00-00', '', '', '', '', '', '', 0, 0, '0000-00-00', 0, 0, 0),
(309, 'Hans  Morina', 0, '0000-00-00', '', '', '', '', '', '', 0, 0, '0000-00-00', 0, 0, 0),
(310, 'Henri Bakaj', 0, '0000-00-00', '', '', '', '', '', '', 0, 0, '0000-00-00', 0, 0, 0),
(311, 'Henri  Hoda', 0, '0000-00-00', '', '', '', '', '', '', 0, 0, '0000-00-00', 0, 0, 0),
(312, 'Igli  Cepi', 0, '0000-00-00', '', '', '', '', '', '', 0, 0, '0000-00-00', 0, 0, 0),
(313, 'Klajdi  Çepele', 0, '0000-00-00', '', '', '', '', '', '', 0, 0, '0000-00-00', 0, 0, 0),
(314, 'Matias  Domi', 0, '0000-00-00', '', '', '', '', '', '', 0, 0, '0000-00-00', 0, 0, 0),
(315, 'Renis  Gjinaj', 0, '0000-00-00', '', '', '', '', '', '', 0, 0, '0000-00-00', 0, 0, 0),
(316, 'Robert  Xhafkollari', 0, '0000-00-00', '', '', '', '', '', '', 0, 0, '0000-00-00', 0, 0, 0),
(317, 'Ronaldo  Kuqja', 0, '0000-00-00', '', '', '', '', '', '', 0, 0, '0000-00-00', 0, 0, 0),
(318, 'Sabian  Harizi', 0, '0000-00-00', '', '', '', '', '', '', 0, 0, '0000-00-00', 0, 0, 0),
(319, 'Sejmedin  Vrekaj', 0, '0000-00-00', '', '', '', '', '', '', 0, 0, '0000-00-00', 0, 0, 0),
(320, 'Aleks  Cenolli', 0, '0000-00-00', '', '', '', '', '', '', 0, 0, '0000-00-00', 0, 0, 0),
(321, 'Arteo   Hoxha', 0, '0000-00-00', '', '', '', '', '', '', 0, 0, '0000-00-00', 0, 0, 0),
(322, 'Beqir  Gripshi', 0, '0000-00-00', '', '', '', '', '', '', 0, 0, '0000-00-00', 0, 0, 0),
(323, 'Bjori  Jazexhiu', 0, '0000-00-00', '', '', '', '', '', '', 0, 0, '0000-00-00', 0, 0, 0),
(324, 'Denis  Ahmeti', 0, '0000-00-00', '', '', '', '', '', '', 0, 0, '0000-00-00', 0, 0, 0),
(325, 'Denis  Ponari', 0, '0000-00-00', '', '', '', '', '', '', 0, 0, '0000-00-00', 0, 0, 0),
(326, 'Enriko  Elezi', 0, '0000-00-00', '', '', '', '', '', '', 0, 0, '0000-00-00', 0, 0, 0),
(327, 'Ergis  Korra', 0, '0000-00-00', '', '', '', '', '', '', 0, 0, '0000-00-00', 0, 0, 0),
(328, 'Erlis  Neza', 0, '0000-00-00', '', '', '', '', '', '', 0, 0, '0000-00-00', 0, 0, 0),
(329, 'Ergi  Zani', 0, '0000-00-00', '', '', '', '', '', '', 0, 0, '0000-00-00', 0, 0, 0),
(330, 'Geraldo  Luka', 0, '0000-00-00', '', '', '', '', '', '', 0, 0, '0000-00-00', 0, 0, 0),
(331, 'Gersian   Muça', 0, '0000-00-00', '', '', '', '', '', '', 0, 0, '0000-00-00', 0, 0, 0),
(332, 'Mateo  Halili', 0, '0000-00-00', '', '', '', '', '', '', 0, 0, '0000-00-00', 0, 0, 0),
(334, 'Oltion  Murrani', 0, '0000-00-00', '', '', '', '', '', '', 0, 0, '0000-00-00', 0, 0, 0),
(335, 'Reijan  Kuniqi', 0, '0000-00-00', '', '', '', '', '', '', 0, 0, '0000-00-00', 0, 0, 0),
(336, 'Rei  Linza', 0, '0000-00-00', '', '', '', '', '', '', 0, 0, '0000-00-00', 0, 0, 0),
(337, 'Renato  Rexha', 0, '0000-00-00', '', '', '', '', '', '', 0, 0, '0000-00-00', 0, 0, 0),
(338, 'Serxho  Metra', 0, '0000-00-00', '', '', '', '', '', '', 0, 0, '0000-00-00', 0, 0, 0),
(339, 'Xhijel  Kotorri', 0, '0000-00-00', '', '', '', '', '', '', 0, 0, '0000-00-00', 0, 0, 0),
(340, 'Angel  Ramizi', 0, '0000-00-00', '', '', '', '', '', '', 0, 0, '0000-00-00', 0, 0, 0),
(341, 'Arsen Saraci', 0, '0000-00-00', '', '', '', '', '', '', 0, 0, '0000-00-00', 0, 0, 0),
(342, 'Aleksandro  Bejko', 0, '0000-00-00', '', '', '', '', '', '', 0, 0, '0000-00-00', 0, 0, 0),
(343, 'Alert  Gjuzi', 0, '0000-00-00', '', '', '', '', '', '', 0, 0, '0000-00-00', 0, 0, 0),
(345, 'Arbi  Osmani', 0, '0000-00-00', '', '', '', '', '', '', 0, 0, '0000-00-00', 0, 0, 0),
(346, 'Bojken  Toçila', 0, '0000-00-00', '', '', '', '', '', '', 0, 0, '0000-00-00', 0, 0, 0),
(347, 'Denis  Abdullaj', 0, '0000-00-00', '', '', '', '', '', '', 0, 0, '0000-00-00', 0, 0, 0),
(348, 'Diamant  Beqiraj', 0, '0000-00-00', '', '', '', '', '', '', 0, 0, '0000-00-00', 0, 0, 0),
(349, 'Eljando  Matoshi', 0, '0000-00-00', '', '', '', '', '', '', 0, 0, '0000-00-00', 0, 0, 0),
(350, 'Emiljo  Onjea', 0, '0000-00-00', '', '', '', '', '', '', 0, 0, '0000-00-00', 0, 0, 0),
(351, 'Enkel  Aga', 0, '0000-00-00', '', '', '', '', '', '', 0, 0, '0000-00-00', 0, 0, 0),
(352, 'Ergi  Kapollari', 0, '0000-00-00', '', '', '', '', '', '', 0, 0, '0000-00-00', 0, 0, 0),
(353, 'Erik  Veshi', 0, '0000-00-00', '', '', '', '', '', '', 0, 0, '0000-00-00', 0, 0, 0),
(354, 'Florian   Hoda', 0, '0000-00-00', '', '', '', '', '', '', 0, 0, '0000-00-00', 0, 0, 0),
(355, 'Henri  Bakaj', 0, '0000-00-00', '', '', '', '', '', '', 0, 0, '0000-00-00', 0, 0, 0),
(356, 'Gledi  Taçe', 0, '0000-00-00', '', '', '', '', '', '', 0, 0, '0000-00-00', 0, 0, 0),
(357, 'Jurgen  Avdiu', 0, '0000-00-00', '', '', '', '', '', '', 0, 0, '0000-00-00', 0, 0, 0),
(358, 'Jurgen  Caka', 0, '0000-00-00', '', '', '', '', '', '', 0, 0, '0000-00-00', 0, 0, 0),
(359, 'Klajdi  Toska', 0, '0000-00-00', '', '', '', '', '', '', 0, 0, '0000-00-00', 0, 0, 0),
(360, 'Klajver  Tushe', 0, '0000-00-00', '', '', '', '', '', '', 0, 0, '0000-00-00', 0, 0, 0),
(361, 'Kristel  Saliaj', 0, '0000-00-00', '', '', '', '', '', '', 0, 0, '0000-00-00', 0, 0, 0),
(362, 'Ledio  Muha', 0, '0000-00-00', '', '', '', '', '', '', 0, 0, '0000-00-00', 0, 0, 0),
(363, 'Marius  Feimi', 0, '0000-00-00', '', '', '', '', '', '', 0, 0, '0000-00-00', 0, 0, 0),
(364, 'Nikolao  Nasto', 0, '0000-00-00', '', '', '', '', '', '', 0, 0, '0000-00-00', 0, 0, 0),
(365, 'Orest  Gjini', 0, '0000-00-00', '', '', '', '', '', '', 0, 0, '0000-00-00', 0, 0, 0),
(366, 'Redian  Crroj', 0, '0000-00-00', '', '', '', '', '', '', 0, 0, '0000-00-00', 0, 0, 0),
(367, 'Andi  Domi', 0, '0000-00-00', '', '', '', '', '', '', 0, 0, '0000-00-00', 0, 0, 0),
(368, 'Alen  Kola', 0, '0000-00-00', '', '', '', '', '', '', 0, 0, '0000-00-00', 0, 0, 0),
(369, 'Rian   Mici', 0, '0000-00-00', '', '', '', '', '', '', 0, 0, '0000-00-00', 0, 0, 0),
(370, 'Amarildo   Bengasi', 0, '0000-00-00', '', '', '', '', '', '', 0, 0, '0000-00-00', 0, 0, 0),
(371, 'Arbi  Topi', 0, '0000-00-00', '', '', '', '', '', '', 0, 0, '0000-00-00', 0, 0, 0),
(372, 'Ardit  Rexhmati', 0, '0000-00-00', '', '', '', '', '', '', 0, 0, '0000-00-00', 0, 0, 0),
(373, 'Argen  Pojani', 0, '0000-00-00', '', '', '', '', '', '', 0, 0, '0000-00-00', 0, 0, 0),
(374, 'Daniel  Shima', 0, '0000-00-00', '', '', '', '', '', '', 0, 0, '0000-00-00', 0, 0, 0),
(375, 'Denis  Ismailaj', 0, '0000-00-00', '', '', '', '', '', '', 0, 0, '0000-00-00', 0, 0, 0),
(376, 'Enea  Meçi', 0, '0000-00-00', '', '', '', '', '', '', 0, 0, '0000-00-00', 0, 0, 0),
(377, 'Engris  Morina', 0, '0000-00-00', '', '', '', '', '', '', 0, 0, '0000-00-00', 0, 0, 0),
(378, 'Gerti  Strugaj', 0, '0000-00-00', '', '', '', '', '', '', 0, 0, '0000-00-00', 0, 0, 0),
(379, 'Gesard   Kotarja', 0, '0000-00-00', '', '', '', '', '', '', 0, 0, '0000-00-00', 0, 0, 0),
(380, 'Indrit  Nela', 0, '0000-00-00', '', '', '', '', '', '', 0, 0, '0000-00-00', 0, 0, 0),
(381, 'Ingland  Ademaj', 0, '0000-00-00', '', '', '', '', '', '', 0, 0, '0000-00-00', 0, 0, 0),
(382, 'Kedi  Bilo', 0, '0000-00-00', '', '', '', '', '', '', 0, 0, '0000-00-00', 0, 0, 0),
(383, 'Klevis  Dervishi', 0, '0000-00-00', '', '', '', '', '', '', 0, 0, '0000-00-00', 0, 0, 0),
(384, 'Kloeld  Shala', 0, '0000-00-00', '', '', '', '', '', '', 0, 0, '0000-00-00', 0, 0, 0),
(385, 'Kristi  Musaj', 0, '0000-00-00', '', '', '', '', '', '', 0, 0, '0000-00-00', 0, 0, 0),
(386, 'Leandro  Koçi', 0, '0000-00-00', '', '', '', '', '', '', 0, 0, '0000-00-00', 0, 0, 0),
(387, 'Noel  Çikoja', 0, '0000-00-00', '', '', '', '', '', '', 0, 0, '0000-00-00', 0, 0, 0),
(388, 'Pol   Agastra', 0, '0000-00-00', '', '', '', '', '', '', 0, 0, '0000-00-00', 0, 0, 0),
(389, 'Rei  Begaj', 0, '0000-00-00', '', '', '', '', '', '', 0, 0, '0000-00-00', 0, 0, 0),
(390, 'Elvi  Kupe', 0, '0000-00-00', '', '', '', '', '', '', 0, 0, '0000-00-00', 0, 0, 0),
(391, 'Klajvi  Zela', 0, '0000-00-00', '', '', '', '', '', '', 0, 0, '0000-00-00', 0, 0, 0),
(392, 'Klaudio  Skenderaj', 0, '0000-00-00', '', '', '', '', '', '', 0, 0, '0000-00-00', 0, 0, 0),
(393, 'Samuel  Shera', 0, '0000-00-00', '', '', '', '', '', '', 0, 0, '0000-00-00', 0, 0, 0),
(394, 'Enes  Jashari', 0, '0000-00-00', '', '', '', '', '', '', 0, 0, '0000-00-00', 0, 0, 0),
(395, 'Abdurraman    Zejnati', 0, '0000-00-00', '', '', '', '', '', '', 0, 0, '0000-00-00', 0, 0, 0),
(396, 'Albi  Spahiu', 0, '0000-00-00', '', '', '', '', '', '', 0, 0, '0000-00-00', 0, 0, 0),
(397, 'Andi  Skorra', 0, '0000-00-00', '', '', '', '', '', '', 0, 0, '0000-00-00', 0, 0, 0),
(398, 'Anteo  Gushi', 0, '0000-00-00', '', '', '', '', '', '', 0, 0, '0000-00-00', 0, 0, 0),
(399, 'Arber  Valteri', 0, '0000-00-00', '', '', '', '', '', '', 0, 0, '0000-00-00', 0, 0, 0),
(400, 'Arjan   Kodra', 0, '0000-00-00', '', '', '', '', '', '', 0, 0, '0000-00-00', 0, 0, 0),
(401, 'Donald   Hoxha', 0, '0000-00-00', '', '', '', '', '', '', 0, 0, '0000-00-00', 0, 0, 0),
(402, 'Elian  Mahmutaj', 0, '0000-00-00', '', '', '', '', '', '', 0, 0, '0000-00-00', 0, 0, 0),
(403, 'Enkel  Mustafaj', 0, '0000-00-00', '', '', '', '', '', '', 0, 0, '0000-00-00', 0, 0, 0),
(404, 'Enxhi  Mersini', 0, '0000-00-00', '', '', '', '', '', '', 0, 0, '0000-00-00', 0, 0, 0),
(405, 'Ervis  Salillari', 0, '0000-00-00', '', '', '', '', '', '', 0, 0, '0000-00-00', 0, 0, 0),
(406, 'Gledis  Hajdari', 0, '0000-00-00', '', '', '', '', '', '', 0, 0, '0000-00-00', 0, 0, 0),
(407, 'Igli  Hasmeta', 0, '0000-00-00', '', '', '', '', '', '', 0, 0, '0000-00-00', 0, 0, 0),
(408, 'Igli  Kapllani', 0, '0000-00-00', '', '', '', '', '', '', 0, 0, '0000-00-00', 0, 0, 0),
(409, 'Indrit  Bonaj', 0, '0000-00-00', '', '', '', '', '', '', 0, 0, '0000-00-00', 0, 0, 0),
(410, 'Joanis  Gramo', 0, '0000-00-00', '', '', '', '', '', '', 0, 0, '0000-00-00', 0, 0, 0),
(411, 'Juna  Aga', 0, '0000-00-00', '', '', '', '', '', '', 0, 0, '0000-00-00', 0, 0, 0),
(412, 'Jurgen  Bulku', 0, '0000-00-00', '', '', '', '', '', '', 0, 0, '0000-00-00', 0, 0, 0),
(413, 'Kejdi  Rade', 0, '0000-00-00', '', '', '', '', '', '', 0, 0, '0000-00-00', 0, 0, 0),
(414, 'Klea  Heri', 0, '0000-00-00', '', '', '', '', '', '', 0, 0, '0000-00-00', 0, 0, 0),
(415, 'Kleo  Mitri', 0, '0000-00-00', '', '', '', '', '', '', 0, 0, '0000-00-00', 0, 0, 0),
(416, 'Megi  Belba', 0, '0000-00-00', '', '', '', '', '', '', 0, 0, '0000-00-00', 0, 0, 0),
(417, 'Norik  Beqiri', 0, '0000-00-00', '', '', '', '', '', '', 0, 0, '0000-00-00', 0, 0, 0),
(418, 'Patrik  Liçi', 0, '0000-00-00', '', '', '', '', '', '', 0, 0, '0000-00-00', 0, 0, 0),
(419, 'Serxho  Hajdari', 0, '0000-00-00', '', '', '', '', '', '', 0, 0, '0000-00-00', 0, 0, 0),
(420, 'Xhuliano  Tota', 0, '0000-00-00', '', '', '', '', '', '', 0, 0, '0000-00-00', 0, 0, 0),
(421, 'Xhulio  Agalliu', 0, '0000-00-00', '', '', '', '', '', '', 0, 0, '0000-00-00', 0, 0, 0),
(422, 'Ali  Domi', 0, '0000-00-00', '', '', '', '', '', '', 0, 0, '0000-00-00', 0, 0, 0),
(423, 'Ana  Vokopola', 0, '0000-00-00', '', '', '', '', '', '', 0, 0, '0000-00-00', 0, 0, 0),
(424, 'Anastas  Gjikondi', 0, '0000-00-00', '', '', '', '', '', '', 0, 0, '0000-00-00', 0, 0, 0),
(425, 'Blenar  Ismailaj', 0, '0000-00-00', '', '', '', '', '', '', 0, 0, '0000-00-00', 0, 0, 0),
(426, 'Brisilda  Blido', 0, '0000-00-00', '', '', '', '', '', '', 0, 0, '0000-00-00', 0, 0, 0),
(427, 'Darien   Çepani', 0, '0000-00-00', '', '', '', '', '', '', 0, 0, '0000-00-00', 0, 0, 0),
(428, 'Denard   Çupi', 0, '0000-00-00', '', '', '', '', '', '', 0, 0, '0000-00-00', 0, 0, 0),
(429, 'Endi  Nasaj', 0, '0000-00-00', '', '', '', '', '', '', 0, 0, '0000-00-00', 0, 0, 0),
(430, 'Erhan  Kubati', 0, '0000-00-00', '', '', '', '', '', '', 0, 0, '0000-00-00', 0, 0, 0),
(431, 'Henes  Meta', 0, '0000-00-00', '', '', '', '', '', '', 0, 0, '0000-00-00', 0, 0, 0),
(432, 'Henri  Kaziu', 0, '0000-00-00', '', '', '', '', '', '', 0, 0, '0000-00-00', 0, 0, 0),
(433, 'Halger  Xhameta', 0, '0000-00-00', '', '', '', '', '', '', 0, 0, '0000-00-00', 0, 0, 0),
(434, 'Kejdi  Basha', 0, '0000-00-00', '', '', '', '', '', '', 0, 0, '0000-00-00', 0, 0, 0),
(435, 'Kevin  Hyska', 0, '0000-00-00', '', '', '', '', '', '', 0, 0, '0000-00-00', 0, 0, 0),
(436, 'Redian   Çela', 0, '0000-00-00', '', '', '', '', '', '', 0, 0, '0000-00-00', 0, 0, 0),
(437, 'Ridi  Lazaj', 0, '0000-00-00', '', '', '', '', '', '', 0, 0, '0000-00-00', 0, 0, 0),
(438, 'Sigrid  Haveraj', 0, '0000-00-00', '', '', '', '', '', '', 0, 0, '0000-00-00', 0, 0, 0),
(439, 'Xhastin   Marko', 0, '0000-00-00', '', '', '', '', '', '', 0, 0, '0000-00-00', 0, 0, 0),
(440, 'Xheidi  Jakupi', 0, '0000-00-00', '', '', '', '', '', '', 0, 0, '0000-00-00', 0, 0, 0),
(441, 'Xhonaton   Çela', 0, '0000-00-00', '', '', '', '', '', '', 0, 0, '0000-00-00', 0, 0, 0),
(442, 'Xhuliano  Guga', 0, '0000-00-00', '', '', '', '', '', '', 0, 0, '0000-00-00', 0, 0, 0),
(443, 'Xhuliano  Myrta', 0, '0000-00-00', '', '', '', '', '', '', 0, 0, '0000-00-00', 0, 0, 0),
(444, 'Kejvin  Luga', 0, '0000-00-00', '', '', '', '', '', '', 0, 0, '0000-00-00', 0, 0, 0),
(445, 'Daniel  Dine', 0, '0000-00-00', '', '', '', '', '', '', 0, 0, '0000-00-00', 0, 0, 0),
(446, 'Endi  Guri', 0, '0000-00-00', '', '', '', '', '', '', 0, 0, '0000-00-00', 0, 0, 0),
(447, 'Aleksandros   Muçaj', 0, '0000-00-00', '', '', '', '', '', '', 0, 0, '0000-00-00', 0, 0, 0),
(448, 'Almir   Peza', 0, '0000-00-00', '', '', '', '', '', '', 0, 0, '0000-00-00', 0, 0, 0),
(449, 'Altion  Alibeaj', 0, '0000-00-00', '', '', '', '', '', '', 0, 0, '0000-00-00', 0, 0, 0),
(450, 'Andi   Shedula', 0, '0000-00-00', '', '', '', '', '', '', 0, 0, '0000-00-00', 0, 0, 0),
(451, 'Antonio   Arapi', 0, '0000-00-00', '', '', '', '', '', '', 0, 0, '0000-00-00', 0, 0, 0),
(452, 'Arber  Lleshi', 0, '0000-00-00', '', '', '', '', '', '', 0, 0, '0000-00-00', 0, 0, 0),
(453, 'Ardit  Zaçe', 0, '0000-00-00', '', '', '', '', '', '', 0, 0, '0000-00-00', 0, 0, 0),
(454, 'Daniel  Raça', 0, '0000-00-00', '', '', '', '', '', '', 0, 0, '0000-00-00', 0, 0, 0),
(455, 'Dhorin  Thano', 0, '0000-00-00', '', '', '', '', '', '', 0, 0, '0000-00-00', 0, 0, 0),
(456, 'Elion  Sinella', 0, '0000-00-00', '', '', '', '', '', '', 0, 0, '0000-00-00', 0, 0, 0),
(457, 'Enkel  Vathi', 0, '0000-00-00', '', '', '', '', '', '', 0, 0, '0000-00-00', 0, 0, 0),
(458, 'Eugest  Xhelillari', 0, '0000-00-00', '', '', '', '', '', '', 0, 0, '0000-00-00', 0, 0, 0),
(459, 'Flavio   Alibeaj', 0, '0000-00-00', '', '', '', '', '', '', 0, 0, '0000-00-00', 0, 0, 0),
(460, 'Ilia   Ekonomi', 0, '0000-00-00', '', '', '', '', '', '', 0, 0, '0000-00-00', 0, 0, 0),
(461, 'Jon   Zeneli', 0, '0000-00-00', '', '', '', '', '', '', 0, 0, '0000-00-00', 0, 0, 0),
(462, 'Kei  Paravani', 0, '0000-00-00', '', '', '', '', '', '', 0, 0, '0000-00-00', 0, 0, 0),
(463, 'Klejdi  Arapi', 0, '0000-00-00', '', '', '', '', '', '', 0, 0, '0000-00-00', 0, 0, 0),
(464, 'Kristjano   Laçaj', 0, '0000-00-00', '', '', '', '', '', '', 0, 0, '0000-00-00', 0, 0, 0),
(465, 'Lorna  Lelçaj', 0, '0000-00-00', '', '', '', '', '', '', 0, 0, '0000-00-00', 0, 0, 0),
(466, 'Mateo  Hoxha', 0, '0000-00-00', '', '', '', '', '', '', 0, 0, '0000-00-00', 0, 0, 0),
(467, 'Saimon  Bena', 0, '0000-00-00', '', '', '', '', '', '', 0, 0, '0000-00-00', 0, 0, 0),
(468, 'Tea  Aleksi', 0, '0000-00-00', '', '', '', '', '', '', 0, 0, '0000-00-00', 0, 0, 0),
(469, 'Xhoni  Dervishi', 0, '0000-00-00', '', '', '', '', '', '', 0, 0, '0000-00-00', 0, 0, 0),
(470, 'Xhoni  Rapçe', 0, '0000-00-00', '', '', '', '', '', '', 0, 0, '0000-00-00', 0, 0, 0),
(471, 'Zenel  Haxhiaj', 0, '0000-00-00', '', '', '', '', '', '', 0, 0, '0000-00-00', 0, 0, 0),
(472, 'Lora  Shima', 0, '0000-00-00', '', '', '', '', '', '', 0, 0, '0000-00-00', 0, 0, 0),
(473, 'Aidi   Qana', 0, '0000-00-00', '', '', '', '', '', '', 0, 0, '0000-00-00', 0, 0, 0),
(474, 'Aldi Ruli ', 0, '0000-00-00', '', '', '', '', '', '', 0, 0, '0000-00-00', 0, 0, 0),
(475, 'Arlind  Palushi', 0, '0000-00-00', '', '', '', '', '', '', 0, 0, '0000-00-00', 0, 0, 0),
(476, 'Arlind  Sheme', 0, '0000-00-00', '', '', '', '', '', '', 0, 0, '0000-00-00', 0, 0, 0),
(477, 'Aurora  Sokolaj', 0, '0000-00-00', '', '', '', '', '', '', 0, 0, '0000-00-00', 0, 0, 0),
(478, 'Elena  Llalla', 0, '0000-00-00', '', '', '', '', '', '', 0, 0, '0000-00-00', 0, 0, 0),
(479, 'Elis  Koldashi', 0, '0000-00-00', '', '', '', '', '', '', 0, 0, '0000-00-00', 0, 0, 0),
(480, 'Elvi  Xoxi', 0, '0000-00-00', '', '', '', '', '', '', 0, 0, '0000-00-00', 0, 0, 0),
(481, 'Emiguel  Kaloshi', 0, '0000-00-00', '', '', '', '', '', '', 0, 0, '0000-00-00', 0, 0, 0),
(482, 'Ergi  Rakipi', 0, '0000-00-00', '', '', '', '', '', '', 0, 0, '0000-00-00', 0, 0, 0),
(483, 'Florjan  Drazhi', 0, '0000-00-00', '', '', '', '', '', '', 0, 0, '0000-00-00', 0, 0, 0),
(484, 'Gerardo  Beqiraj', 0, '0000-00-00', '', '', '', '', '', '', 0, 0, '0000-00-00', 0, 0, 0),
(485, 'Anja  Teqja', 0, '0000-00-00', '', '', '', '', '', '', 0, 0, '0000-00-00', 0, 0, 0),
(486, 'Hygert  Jaku', 0, '0000-00-00', '', '', '', '', '', '', 0, 0, '0000-00-00', 0, 0, 0),
(487, 'Igli  Qershori', 0, '0000-00-00', '', '', '', '', '', '', 0, 0, '0000-00-00', 0, 0, 0),
(488, 'Ina  Plaku', 0, '0000-00-00', '', '', '', '', '', '', 0, 0, '0000-00-00', 0, 0, 0),
(489, 'Izmir  Batushi', 0, '0000-00-00', '', '', '', '', '', '', 0, 0, '0000-00-00', 0, 0, 0),
(490, 'Klaus  Nikolla', 0, '0000-00-00', '', '', '', '', '', '', 0, 0, '0000-00-00', 0, 0, 0),
(491, 'Luçjano  Zajmi', 0, '0000-00-00', '', '', '', '', '', '', 0, 0, '0000-00-00', 0, 0, 0),
(492, 'Malvin  Koka', 0, '0000-00-00', '', '', '', '', '', '', 0, 0, '0000-00-00', 0, 0, 0),
(493, 'Mariglen   Sefa', 0, '0000-00-00', '', '', '', '', '', '', 0, 0, '0000-00-00', 0, 0, 0),
(494, 'Merita  Hima', 0, '0000-00-00', '', '', '', '', '', '', 0, 0, '0000-00-00', 0, 0, 0),
(495, 'Redina  Zeneli', 0, '0000-00-00', '', '', '', '', '', '', 0, 0, '0000-00-00', 0, 0, 0),
(496, 'Xhoana  Babaj', 0, '0000-00-00', '', '', '', '', '', '', 0, 0, '0000-00-00', 0, 0, 0),
(497, 'Adriano  Shehu', 0, '0000-00-00', '', '', '', '', '', '', 0, 0, '0000-00-00', 0, 0, 0),
(498, 'Albion  Tusha', 0, '0000-00-00', '', '', '', '', '', '', 0, 0, '0000-00-00', 0, 0, 0),
(499, 'Aldi  Metaliaj', 0, '0000-00-00', '', '', '', '', '', '', 0, 0, '0000-00-00', 0, 0, 0),
(500, 'Alva  Cahani', 0, '0000-00-00', '', '', '', '', '', '', 0, 0, '0000-00-00', 0, 0, 0),
(501, 'Amos  Alushi', 0, '0000-00-00', '', '', '', '', '', '', 0, 0, '0000-00-00', 0, 0, 0),
(502, 'Ardit  Disha', 0, '0000-00-00', '', '', '', '', '', '', 0, 0, '0000-00-00', 0, 0, 0),
(503, 'Ciara  Sala', 0, '0000-00-00', '', '', '', '', '', '', 0, 0, '0000-00-00', 0, 0, 0),
(504, 'Dea  Qato', 0, '0000-00-00', '', '', '', '', '', '', 0, 0, '0000-00-00', 0, 0, 0),
(505, 'Ejona  Tahiri', 0, '0000-00-00', '', '', '', '', '', '', 0, 0, '0000-00-00', 0, 0, 0),
(506, 'Era  Dapi', 0, '0000-00-00', '', '', '', '', '', '', 0, 0, '0000-00-00', 0, 0, 0),
(507, 'Eri  Bekteshi', 0, '0000-00-00', '', '', '', '', '', '', 0, 0, '0000-00-00', 0, 0, 0),
(508, 'Ervist  Hida', 0, '0000-00-00', '', '', '', '', '', '', 0, 0, '0000-00-00', 0, 0, 0),
(509, 'Hersi  Lapa', 0, '0000-00-00', '', '', '', '', '', '', 0, 0, '0000-00-00', 0, 0, 0),
(510, 'Ingit   Llagaçi', 0, '0000-00-00', '', '', '', '', '', '', 0, 0, '0000-00-00', 0, 0, 0),
(511, 'Izabela  Biba', 0, '0000-00-00', '', '', '', '', '', '', 0, 0, '0000-00-00', 0, 0, 0),
(512, 'Jeni  Ramaj', 0, '0000-00-00', '', '', '', '', '', '', 0, 0, '0000-00-00', 0, 0, 0),
(513, 'Klara  Koloveri', 0, '0000-00-00', '', '', '', '', '', '', 0, 0, '0000-00-00', 0, 0, 0),
(514, 'Laura  Shehu', 0, '0000-00-00', '', '', '', '', '', '', 0, 0, '0000-00-00', 0, 0, 0),
(515, 'Mira  Nazaj', 0, '0000-00-00', '', '', '', '', '', '', 0, 0, '0000-00-00', 0, 0, 0),
(516, 'Nensi  Semanaj', 0, '0000-00-00', '', '', '', '', '', '', 0, 0, '0000-00-00', 0, 0, 0),
(517, 'Rindi  Daja', 0, '0000-00-00', '', '', '', '', '', '', 0, 0, '0000-00-00', 0, 0, 0),
(518, 'Xhejsi  Bakaj', 0, '0000-00-00', '', '', '', '', '', '', 0, 0, '0000-00-00', 0, 0, 0),
(519, 'Fabio  Xhakollari', 0, '0000-00-00', '', '', '', '', '', '', 0, 0, '0000-00-00', 0, 0, 0),
(520, 'Rayna  Batku', 0, '0000-00-00', '', '', '', '', '', '', 0, 0, '0000-00-00', 0, 0, 0),
(521, 'Denis  Shehi', 0, '0000-00-00', '', '', '', '', '', '', 0, 0, '0000-00-00', 0, 0, 0),
(522, 'Alban  Zdralla', 0, '0000-00-00', '', '', '', '', '', '', 0, 0, '0000-00-00', 0, 0, 0),
(523, 'Antonio  Bitri', 0, '0000-00-00', '', '', '', '', '', '', 0, 0, '0000-00-00', 0, 0, 0),
(524, 'Anja  Teqja', 0, '0000-00-00', '', '', '', '', '', '', 0, 0, '0000-00-00', 0, 0, 0),
(525, 'Ardit  Rama', 0, '0000-00-00', '', '', '', '', '', '', 0, 0, '0000-00-00', 0, 0, 0),
(526, 'Asim  Shehaj', 0, '0000-00-00', '', '', '', '', '', '', 0, 0, '0000-00-00', 0, 0, 0),
(527, 'Daniel  Skederi', 0, '0000-00-00', '', '', '', '', '', '', 0, 0, '0000-00-00', 0, 0, 0),
(528, 'Elena  Cico', 0, '0000-00-00', '', '', '', '', '', '', 0, 0, '0000-00-00', 0, 0, 0),
(529, 'Eneda  Osmanaj', 0, '0000-00-00', '', '', '', '', '', '', 0, 0, '0000-00-00', 0, 0, 0),
(530, 'Eraldi  Morina', 0, '0000-00-00', '', '', '', '', '', '', 0, 0, '0000-00-00', 0, 0, 0),
(531, 'Fjona  Prendi', 0, '0000-00-00', '', '', '', '', '', '', 0, 0, '0000-00-00', 0, 0, 0),
(532, 'Giulia  Bonuccelli', 0, '0000-00-00', '', '', '', '', '', '', 0, 0, '0000-00-00', 0, 0, 0),
(533, 'Haidi  Karapici', 0, '0000-00-00', '', '', '', '', '', '', 0, 0, '0000-00-00', 0, 0, 0),
(534, 'Imelda  Dervishi', 0, '0000-00-00', '', '', '', '', '', '', 0, 0, '0000-00-00', 0, 0, 0),
(535, 'Julia  Bogdani', 0, '0000-00-00', '', '', '', '', '', '', 0, 0, '0000-00-00', 0, 0, 0),
(536, 'Ivana  Gjeloshaj', 0, '0000-00-00', '', '', '', '', '', '', 0, 0, '0000-00-00', 0, 0, 0),
(537, 'Kristian   Bardhi', 0, '0000-00-00', '', '', '', '', '', '', 0, 0, '0000-00-00', 0, 0, 0),
(538, 'Livia  Nuku', 0, '0000-00-00', '', '', '', '', '', '', 0, 0, '0000-00-00', 0, 0, 0),
(539, 'Megan  Ndoca', 0, '0000-00-00', '', '', '', '', '', '', 0, 0, '0000-00-00', 0, 0, 0),
(540, 'Rafaela  Gjoshe', 0, '0000-00-00', '', '', '', '', '', '', 0, 0, '0000-00-00', 0, 0, 0),
(541, 'Samuel  Berberi', 0, '0000-00-00', '', '', '', '', '', '', 0, 0, '0000-00-00', 0, 0, 0),
(542, 'Elisa  Kaliqi', 0, '0000-00-00', '', '', '', '', '', '', 0, 0, '0000-00-00', 0, 0, 0),
(543, 'Orkidea  Cerkini', 0, '0000-00-00', '', '', '', '', '', '', 0, 0, '0000-00-00', 0, 0, 0);
INSERT INTO `nxenes` (`id_nxenes`, `emri_nxenes`, `id_klase`, `ditelindje`, `vendlindje`, `emri_babai`, `emri_nena`, `tel_babi`, `tel_nena`, `tel_personal`, `mungesa_total`, `mesatare`, `viti_regjistrimit`, `mbetes`, `mbaruar`, `nota_sjellje`) VALUES
(544, 'Arjol  Muca', 0, '0000-00-00', '', '', '', '', '', '', 0, 0, '0000-00-00', 0, 0, 0),
(545, 'Jurxhino   Xake', 0, '0000-00-00', '', '', '', '', '', '', 0, 0, '0000-00-00', 0, 0, 0),
(546, 'Albi  Kocia', 0, '0000-00-00', '', '', '', '', '', '', 0, 0, '0000-00-00', 0, 0, 0),
(547, 'Andri  Hamzaj', 0, '0000-00-00', '', '', '', '', '', '', 0, 0, '0000-00-00', 0, 0, 0),
(548, 'Armand  Beqiri', 0, '0000-00-00', '', '', '', '', '', '', 0, 0, '0000-00-00', 0, 0, 0),
(549, 'Armand  Gjoni', 0, '0000-00-00', '', '', '', '', '', '', 0, 0, '0000-00-00', 0, 0, 0),
(550, 'Astrit  Krroci', 0, '0000-00-00', '', '', '', '', '', '', 0, 0, '0000-00-00', 0, 0, 0),
(551, 'David  Kaja', 0, '0000-00-00', '', '', '', '', '', '', 0, 0, '0000-00-00', 0, 0, 0),
(552, 'David  Prendi', 0, '0000-00-00', '', '', '', '', '', '', 0, 0, '0000-00-00', 0, 0, 0),
(553, 'Deniz  Koka', 0, '0000-00-00', '', '', '', '', '', '', 0, 0, '0000-00-00', 0, 0, 0),
(554, 'Dionis  Fidani', 0, '0000-00-00', '', '', '', '', '', '', 0, 0, '0000-00-00', 0, 0, 0),
(555, 'Dorian  Mavriqi', 0, '0000-00-00', '', '', '', '', '', '', 0, 0, '0000-00-00', 0, 0, 0),
(556, 'Edison  Nikolli', 0, '0000-00-00', '', '', '', '', '', '', 0, 0, '0000-00-00', 0, 0, 0),
(557, 'Endri  Coku', 0, '0000-00-00', '', '', '', '', '', '', 0, 0, '0000-00-00', 0, 0, 0),
(558, 'Enkli  Cara', 0, '0000-00-00', '', '', '', '', '', '', 0, 0, '0000-00-00', 0, 0, 0),
(559, 'Erli  Hajdari', 0, '0000-00-00', '', '', '', '', '', '', 0, 0, '0000-00-00', 0, 0, 0),
(560, 'Erando  Valisi', 0, '0000-00-00', '', '', '', '', '', '', 0, 0, '0000-00-00', 0, 0, 0),
(561, 'Ermand  Himallari', 0, '0000-00-00', '', '', '', '', '', '', 0, 0, '0000-00-00', 0, 0, 0),
(562, 'Fabio  Zela', 0, '0000-00-00', '', '', '', '', '', '', 0, 0, '0000-00-00', 0, 0, 0),
(563, 'Florin   Brika', 0, '0000-00-00', '', '', '', '', '', '', 0, 0, '0000-00-00', 0, 0, 0),
(564, 'Gentian  Xhahu', 0, '0000-00-00', '', '', '', '', '', '', 0, 0, '0000-00-00', 0, 0, 0),
(565, 'Gerald  Gjoni', 0, '0000-00-00', '', '', '', '', '', '', 0, 0, '0000-00-00', 0, 0, 0),
(566, 'Juersi  Merama', 0, '0000-00-00', '', '', '', '', '', '', 0, 0, '0000-00-00', 0, 0, 0),
(567, 'Luis  Xhaka', 0, '0000-00-00', '', '', '', '', '', '', 0, 0, '0000-00-00', 0, 0, 0),
(568, 'Mariglen  Krosi', 0, '0000-00-00', '', '', '', '', '', '', 0, 0, '0000-00-00', 0, 0, 0),
(569, 'Mario  Hysa', 0, '0000-00-00', '', '', '', '', '', '', 0, 0, '0000-00-00', 0, 0, 0),
(570, 'Mario  Durbaku', 0, '0000-00-00', '', '', '', '', '', '', 0, 0, '0000-00-00', 0, 0, 0),
(571, 'Roxher  Pali', 0, '0000-00-00', '', '', '', '', '', '', 0, 0, '0000-00-00', 0, 0, 0),
(572, 'Ali  Bala', 0, '0000-00-00', '', '', '', '', '', '', 0, 0, '0000-00-00', 0, 0, 0),
(573, 'Arlind  Alla', 0, '0000-00-00', '', '', '', '', '', '', 0, 0, '0000-00-00', 0, 0, 0),
(574, 'Ergit  Meca', 0, '0000-00-00', '', '', '', '', '', '', 0, 0, '0000-00-00', 0, 0, 0),
(575, 'Ergys  Llani', 0, '0000-00-00', '', '', '', '', '', '', 0, 0, '0000-00-00', 0, 0, 0),
(576, 'Erisild  Dedja', 0, '0000-00-00', '', '', '', '', '', '', 0, 0, '0000-00-00', 0, 0, 0),
(577, 'Erson  Mjekra', 0, '0000-00-00', '', '', '', '', '', '', 0, 0, '0000-00-00', 0, 0, 0),
(578, 'Fabjan  Dervishi', 0, '0000-00-00', '', '', '', '', '', '', 0, 0, '0000-00-00', 0, 0, 0),
(579, 'Ferid  Sakajani', 0, '0000-00-00', '', '', '', '', '', '', 0, 0, '0000-00-00', 0, 0, 0),
(580, 'Flavio  Doko', 0, '0000-00-00', '', '', '', '', '', '', 0, 0, '0000-00-00', 0, 0, 0),
(581, 'Florin   Murati', 0, '0000-00-00', '', '', '', '', '', '', 0, 0, '0000-00-00', 0, 0, 0),
(582, 'Geraldo  Shyti', 0, '0000-00-00', '', '', '', '', '', '', 0, 0, '0000-00-00', 0, 0, 0),
(583, 'Gledi  Luca', 0, '0000-00-00', '', '', '', '', '', '', 0, 0, '0000-00-00', 0, 0, 0),
(584, 'Kevin  Shehu', 0, '0000-00-00', '', '', '', '', '', '', 0, 0, '0000-00-00', 0, 0, 0),
(585, 'Konti  Dedej', 0, '0000-00-00', '', '', '', '', '', '', 0, 0, '0000-00-00', 0, 0, 0),
(586, 'Ledi  Papallazo', 0, '0000-00-00', '', '', '', '', '', '', 0, 0, '0000-00-00', 0, 0, 0),
(587, 'Liandro  Maloku', 0, '0000-00-00', '', '', '', '', '', '', 0, 0, '0000-00-00', 0, 0, 0),
(588, 'Marvi  Hasani', 0, '0000-00-00', '', '', '', '', '', '', 0, 0, '0000-00-00', 0, 0, 0),
(589, 'Redi  Dervishi', 0, '0000-00-00', '', '', '', '', '', '', 0, 0, '0000-00-00', 0, 0, 0),
(590, 'Reivi  Nuro', 0, '0000-00-00', '', '', '', '', '', '', 0, 0, '0000-00-00', 0, 0, 0),
(591, 'Riard  Drishti', 0, '0000-00-00', '', '', '', '', '', '', 0, 0, '0000-00-00', 0, 0, 0),
(592, 'Shkelzen   Hushi', 0, '0000-00-00', '', '', '', '', '', '', 0, 0, '0000-00-00', 0, 0, 0),
(593, 'Tomas  Gerveni', 0, '0000-00-00', '', '', '', '', '', '', 0, 0, '0000-00-00', 0, 0, 0),
(594, 'Xhenis  Picari', 0, '0000-00-00', '', '', '', '', '', '', 0, 0, '0000-00-00', 0, 0, 0),
(595, 'Adi  Aleksander  Zeneli', 0, '0000-00-00', '', '', '', '', '', '', 0, 0, '0000-00-00', 0, 0, 0),
(596, 'Alban   Berisha', 0, '0000-00-00', '', '', '', '', '', '', 0, 0, '0000-00-00', 0, 0, 0),
(597, 'Alesio  Mahmutaj', 0, '0000-00-00', '', '', '', '', '', '', 0, 0, '0000-00-00', 0, 0, 0),
(598, 'Alger   Pire', 0, '0000-00-00', '', '', '', '', '', '', 0, 0, '0000-00-00', 0, 0, 0),
(599, 'Andri  Leka', 0, '0000-00-00', '', '', '', '', '', '', 0, 0, '0000-00-00', 0, 0, 0),
(600, 'Arshel  Cakciri', 0, '0000-00-00', '', '', '', '', '', '', 0, 0, '0000-00-00', 0, 0, 0),
(601, 'Bjorni  Kurti', 0, '0000-00-00', '', '', '', '', '', '', 0, 0, '0000-00-00', 0, 0, 0),
(602, 'Blerim  Brahja', 0, '0000-00-00', '', '', '', '', '', '', 0, 0, '0000-00-00', 0, 0, 0),
(603, 'Daniel  Ponari', 0, '0000-00-00', '', '', '', '', '', '', 0, 0, '0000-00-00', 0, 0, 0),
(604, 'Edes  Sulce', 0, '0000-00-00', '', '', '', '', '', '', 0, 0, '0000-00-00', 0, 0, 0),
(605, 'Elia  Daci', 0, '0000-00-00', '', '', '', '', '', '', 0, 0, '0000-00-00', 0, 0, 0),
(606, 'Enrei  Pata', 0, '0000-00-00', '', '', '', '', '', '', 0, 0, '0000-00-00', 0, 0, 0),
(607, 'Federiko  Berberi', 0, '0000-00-00', '', '', '', '', '', '', 0, 0, '0000-00-00', 0, 0, 0),
(608, 'Gabriel  Prroi', 0, '0000-00-00', '', '', '', '', '', '', 0, 0, '0000-00-00', 0, 0, 0),
(609, 'Herdi  Balla', 0, '0000-00-00', '', '', '', '', '', '', 0, 0, '0000-00-00', 0, 0, 0),
(610, 'Kevi  Cenaj', 0, '0000-00-00', '', '', '', '', '', '', 0, 0, '0000-00-00', 0, 0, 0),
(611, 'Kevin  Likaj', 0, '0000-00-00', '', '', '', '', '', '', 0, 0, '0000-00-00', 0, 0, 0),
(612, 'Kledi  Bushi', 0, '0000-00-00', '', '', '', '', '', '', 0, 0, '0000-00-00', 0, 0, 0),
(613, 'Kledio  Bodlli', 0, '0000-00-00', '', '', '', '', '', '', 0, 0, '0000-00-00', 0, 0, 0),
(614, 'Klevin  Vranici', 0, '0000-00-00', '', '', '', '', '', '', 0, 0, '0000-00-00', 0, 0, 0),
(615, 'Klevis  Doce', 0, '0000-00-00', '', '', '', '', '', '', 0, 0, '0000-00-00', 0, 0, 0),
(616, 'Klevis  Leti', 0, '0000-00-00', '', '', '', '', '', '', 0, 0, '0000-00-00', 0, 0, 0),
(617, 'Marcelo  Dervishi', 0, '0000-00-00', '', '', '', '', '', '', 0, 0, '0000-00-00', 0, 0, 0),
(618, 'Redion  Xhafa', 0, '0000-00-00', '', '', '', '', '', '', 0, 0, '0000-00-00', 0, 0, 0),
(619, 'Rei  Qesaraku', 0, '0000-00-00', '', '', '', '', '', '', 0, 0, '0000-00-00', 0, 0, 0),
(620, 'Savjo  Mezhika', 0, '0000-00-00', '', '', '', '', '', '', 0, 0, '0000-00-00', 0, 0, 0),
(621, 'Smerald  Merkaj', 0, '0000-00-00', '', '', '', '', '', '', 0, 0, '0000-00-00', 0, 0, 0),
(622, 'Alesio  Baci', 0, '0000-00-00', '', '', '', '', '', '', 0, 0, '0000-00-00', 0, 0, 0),
(623, 'Altin  Kurti', 0, '0000-00-00', '', '', '', '', '', '', 0, 0, '0000-00-00', 0, 0, 0),
(624, 'Angelo   Antonelli', 0, '0000-00-00', '', '', '', '', '', '', 0, 0, '0000-00-00', 0, 0, 0),
(625, 'Arlind   Shehi', 0, '0000-00-00', '', '', '', '', '', '', 0, 0, '0000-00-00', 0, 0, 0),
(626, 'Daniel  Qose', 0, '0000-00-00', '', '', '', '', '', '', 0, 0, '0000-00-00', 0, 0, 0),
(627, 'Dejvi  Goga', 0, '0000-00-00', '', '', '', '', '', '', 0, 0, '0000-00-00', 0, 0, 0),
(628, 'Denis  Haxhiaj', 0, '0000-00-00', '', '', '', '', '', '', 0, 0, '0000-00-00', 0, 0, 0),
(629, 'Donald  Selimi', 0, '0000-00-00', '', '', '', '', '', '', 0, 0, '0000-00-00', 0, 0, 0),
(630, 'Drini  Beqiri', 0, '0000-00-00', '', '', '', '', '', '', 0, 0, '0000-00-00', 0, 0, 0),
(631, 'Elert  Sallaku', 0, '0000-00-00', '', '', '', '', '', '', 0, 0, '0000-00-00', 0, 0, 0),
(632, 'Elidon  Zhupa', 0, '0000-00-00', '', '', '', '', '', '', 0, 0, '0000-00-00', 0, 0, 0),
(633, 'Emanuel  Dauti', 0, '0000-00-00', '', '', '', '', '', '', 0, 0, '0000-00-00', 0, 0, 0),
(634, 'Emiljan  Bahiti', 0, '0000-00-00', '', '', '', '', '', '', 0, 0, '0000-00-00', 0, 0, 0),
(635, 'Endi  Hasanas', 0, '0000-00-00', '', '', '', '', '', '', 0, 0, '0000-00-00', 0, 0, 0),
(636, 'Eris  Veseli', 0, '0000-00-00', '', '', '', '', '', '', 0, 0, '0000-00-00', 0, 0, 0),
(637, 'Evlian  Mullabazi', 0, '0000-00-00', '', '', '', '', '', '', 0, 0, '0000-00-00', 0, 0, 0),
(638, 'Fjorger  Hotollari', 0, '0000-00-00', '', '', '', '', '', '', 0, 0, '0000-00-00', 0, 0, 0),
(639, 'Genti  Danaj', 0, '0000-00-00', '', '', '', '', '', '', 0, 0, '0000-00-00', 0, 0, 0),
(640, 'Gerald  Proda', 0, '0000-00-00', '', '', '', '', '', '', 0, 0, '0000-00-00', 0, 0, 0),
(641, 'Joel  Zekaj', 0, '0000-00-00', '', '', '', '', '', '', 0, 0, '0000-00-00', 0, 0, 0),
(642, 'Ledio  Zyla', 0, '0000-00-00', '', '', '', '', '', '', 0, 0, '0000-00-00', 0, 0, 0),
(643, 'Mario  Alla', 0, '0000-00-00', '', '', '', '', '', '', 0, 0, '0000-00-00', 0, 0, 0),
(644, 'Metush  Muhametaj', 0, '0000-00-00', '', '', '', '', '', '', 0, 0, '0000-00-00', 0, 0, 0),
(645, 'Nikolas  Patso', 0, '0000-00-00', '', '', '', '', '', '', 0, 0, '0000-00-00', 0, 0, 0),
(646, 'Raul  Greva', 0, '0000-00-00', '', '', '', '', '', '', 0, 0, '0000-00-00', 0, 0, 0),
(647, 'Redi  Lolaj', 0, '0000-00-00', '', '', '', '', '', '', 0, 0, '0000-00-00', 0, 0, 0),
(648, 'Ruis  Joncaj', 0, '0000-00-00', '', '', '', '', '', '', 0, 0, '0000-00-00', 0, 0, 0),
(649, 'Xhovan  Fama', 0, '0000-00-00', '', '', '', '', '', '', 0, 0, '0000-00-00', 0, 0, 0),
(650, 'Adelio  Sinani', 0, '0000-00-00', '', '', '', '', '', '', 0, 0, '0000-00-00', 0, 0, 0),
(651, 'Adri  Lelo', 0, '0000-00-00', '', '', '', '', '', '', 0, 0, '0000-00-00', 0, 0, 0),
(652, 'Aksel  Alla', 0, '0000-00-00', '', '', '', '', '', '', 0, 0, '0000-00-00', 0, 0, 0),
(653, 'Alvin  Vrioni', 0, '0000-00-00', '', '', '', '', '', '', 0, 0, '0000-00-00', 0, 0, 0),
(654, 'Azem   Murati', 0, '0000-00-00', '', '', '', '', '', '', 0, 0, '0000-00-00', 0, 0, 0),
(655, 'Benjamin  Tota', 0, '0000-00-00', '', '', '', '', '', '', 0, 0, '0000-00-00', 0, 0, 0),
(656, 'Boiken  Hoxha', 0, '0000-00-00', '', '', '', '', '', '', 0, 0, '0000-00-00', 0, 0, 0),
(657, 'Deni  Gezdari', 0, '0000-00-00', '', '', '', '', '', '', 0, 0, '0000-00-00', 0, 0, 0),
(658, 'Edes  Sulce', 0, '0000-00-00', '', '', '', '', '', '', 0, 0, '0000-00-00', 0, 0, 0),
(659, 'Eldorado  Xhemshiri', 0, '0000-00-00', '', '', '', '', '', '', 0, 0, '0000-00-00', 0, 0, 0),
(660, 'Elian  Koni', 0, '0000-00-00', '', '', '', '', '', '', 0, 0, '0000-00-00', 0, 0, 0),
(661, 'Elti  Hoxha', 0, '0000-00-00', '', '', '', '', '', '', 0, 0, '0000-00-00', 0, 0, 0),
(662, 'Emil  Dokle', 0, '0000-00-00', '', '', '', '', '', '', 0, 0, '0000-00-00', 0, 0, 0),
(663, 'Emiljano  Nezha', 0, '0000-00-00', '', '', '', '', '', '', 0, 0, '0000-00-00', 0, 0, 0),
(664, 'Endri  Luca', 0, '0000-00-00', '', '', '', '', '', '', 0, 0, '0000-00-00', 0, 0, 0),
(665, 'Enton  Kamota', 0, '0000-00-00', '', '', '', '', '', '', 0, 0, '0000-00-00', 0, 0, 0),
(666, 'Erni  Cullhaj', 0, '0000-00-00', '', '', '', '', '', '', 0, 0, '0000-00-00', 0, 0, 0),
(667, 'Herti  Maja', 0, '0000-00-00', '', '', '', '', '', '', 0, 0, '0000-00-00', 0, 0, 0),
(668, 'Joel  Buxhuku', 0, '0000-00-00', '', '', '', '', '', '', 0, 0, '0000-00-00', 0, 0, 0),
(669, 'Jon  Kasaruho', 0, '0000-00-00', '', '', '', '', '', '', 0, 0, '0000-00-00', 0, 0, 0),
(670, 'Kevin  Toptani', 0, '0000-00-00', '', '', '', '', '', '', 0, 0, '0000-00-00', 0, 0, 0),
(671, 'Majk  Bllako', 0, '0000-00-00', '', '', '', '', '', '', 0, 0, '0000-00-00', 0, 0, 0),
(672, 'Marin  Cano', 0, '0000-00-00', '', '', '', '', '', '', 0, 0, '0000-00-00', 0, 0, 0),
(673, 'Mario  Jonuzaj', 0, '0000-00-00', '', '', '', '', '', '', 0, 0, '0000-00-00', 0, 0, 0),
(674, 'Mateo  Hysi', 0, '0000-00-00', '', '', '', '', '', '', 0, 0, '0000-00-00', 0, 0, 0),
(675, 'Olsi  Qosja', 0, '0000-00-00', '', '', '', '', '', '', 0, 0, '0000-00-00', 0, 0, 0),
(676, 'Rei  Dibra', 0, '0000-00-00', '', '', '', '', '', '', 0, 0, '0000-00-00', 0, 0, 0),
(677, 'Renato  Zeqaj', 0, '0000-00-00', '', '', '', '', '', '', 0, 0, '0000-00-00', 0, 0, 0),
(678, 'Sued  Jasimi', 0, '0000-00-00', '', '', '', '', '', '', 0, 0, '0000-00-00', 0, 0, 0),
(679, 'Tejdi  Gjini', 0, '0000-00-00', '', '', '', '', '', '', 0, 0, '0000-00-00', 0, 0, 0),
(680, 'Adolf  Doda', 0, '0000-00-00', '', '', '', '', '', '', 0, 0, '0000-00-00', 0, 0, 0),
(681, 'Adri  Lelo', 0, '0000-00-00', '', '', '', '', '', '', 0, 0, '0000-00-00', 0, 0, 0),
(682, 'Albi  Karanxha', 0, '0000-00-00', '', '', '', '', '', '', 0, 0, '0000-00-00', 0, 0, 0),
(683, 'Arber  Jaho', 0, '0000-00-00', '', '', '', '', '', '', 0, 0, '0000-00-00', 0, 0, 0),
(684, 'Arber  Maluka', 0, '0000-00-00', '', '', '', '', '', '', 0, 0, '0000-00-00', 0, 0, 0),
(685, 'Arlind  Berberi', 0, '0000-00-00', '', '', '', '', '', '', 0, 0, '0000-00-00', 0, 0, 0),
(686, 'Arsel  Furriku', 0, '0000-00-00', '', '', '', '', '', '', 0, 0, '0000-00-00', 0, 0, 0),
(687, 'Brian  Llane', 0, '0000-00-00', '', '', '', '', '', '', 0, 0, '0000-00-00', 0, 0, 0),
(688, 'Bruno  Kondi', 0, '0000-00-00', '', '', '', '', '', '', 0, 0, '0000-00-00', 0, 0, 0),
(689, 'Daniel  Stefani', 0, '0000-00-00', '', '', '', '', '', '', 0, 0, '0000-00-00', 0, 0, 0),
(690, 'Darsi  Bode', 0, '0000-00-00', '', '', '', '', '', '', 0, 0, '0000-00-00', 0, 0, 0),
(691, 'David  Kapo', 0, '0000-00-00', '', '', '', '', '', '', 0, 0, '0000-00-00', 0, 0, 0),
(692, 'Eda  Xheka', 0, '0000-00-00', '', '', '', '', '', '', 0, 0, '0000-00-00', 0, 0, 0),
(693, 'Haki  Sallaku', 0, '0000-00-00', '', '', '', '', '', '', 0, 0, '0000-00-00', 0, 0, 0),
(694, 'Henri  Shehu', 0, '0000-00-00', '', '', '', '', '', '', 0, 0, '0000-00-00', 0, 0, 0),
(695, 'Johan  Iftiu', 0, '0000-00-00', '', '', '', '', '', '', 0, 0, '0000-00-00', 0, 0, 0),
(696, 'Keti  Hazbiu', 0, '0000-00-00', '', '', '', '', '', '', 0, 0, '0000-00-00', 0, 0, 0),
(697, '', 0, '0000-00-00', '', '', '', '', '', '', 0, 0, '0000-00-00', 0, 0, 0),
(698, 'Klevis  Dervishi', 0, '0000-00-00', '', '', '', '', '', '', 0, 0, '0000-00-00', 0, 0, 0),
(699, 'Klevis  Dida', 0, '0000-00-00', '', '', '', '', '', '', 0, 0, '0000-00-00', 0, 0, 0),
(700, 'Kristjan  Cocka', 0, '0000-00-00', '', '', '', '', '', '', 0, 0, '0000-00-00', 0, 0, 0),
(701, 'Nik  Muco', 0, '0000-00-00', '', '', '', '', '', '', 0, 0, '0000-00-00', 0, 0, 0),
(702, 'Oni  Luca', 0, '0000-00-00', '', '', '', '', '', '', 0, 0, '0000-00-00', 0, 0, 0),
(703, 'Sabian  Xhaferraj', 0, '0000-00-00', '', '', '', '', '', '', 0, 0, '0000-00-00', 0, 0, 0),
(704, 'Steven  John  Asllani', 0, '0000-00-00', '', '', '', '', '', '', 0, 0, '0000-00-00', 0, 0, 0),
(705, 'Toni  Dako', 0, '0000-00-00', '', '', '', '', '', '', 0, 0, '0000-00-00', 0, 0, 0),
(706, 'William  Mollaymeri', 0, '0000-00-00', '', '', '', '', '', '', 0, 0, '0000-00-00', 0, 0, 0),
(707, 'Xhanina  Cela', 0, '0000-00-00', '', '', '', '', '', '', 0, 0, '0000-00-00', 0, 0, 0),
(708, 'Gersi   Shkalla', 0, '0000-00-00', '', '', '', '', '', '', 0, 0, '0000-00-00', 0, 0, 0),
(709, 'Albi  Muca', 0, '0000-00-00', '', '', '', '', '', '', 0, 0, '0000-00-00', 0, 0, 0),
(710, 'Amanda  Gaci', 0, '0000-00-00', '', '', '', '', '', '', 0, 0, '0000-00-00', 0, 0, 0),
(711, 'Ana  Gjidiaj', 0, '0000-00-00', '', '', '', '', '', '', 0, 0, '0000-00-00', 0, 0, 0),
(712, 'Anxhela  Gonxhi', 0, '0000-00-00', '', '', '', '', '', '', 0, 0, '0000-00-00', 0, 0, 0),
(713, 'Arjolla  Mullaj', 0, '0000-00-00', '', '', '', '', '', '', 0, 0, '0000-00-00', 0, 0, 0),
(714, 'Denis  Gusho', 0, '0000-00-00', '', '', '', '', '', '', 0, 0, '0000-00-00', 0, 0, 0),
(715, 'Elga  Hoxha', 0, '0000-00-00', '', '', '', '', '', '', 0, 0, '0000-00-00', 0, 0, 0),
(716, 'Eni  Dema', 0, '0000-00-00', '', '', '', '', '', '', 0, 0, '0000-00-00', 0, 0, 0),
(717, 'Ersialdo  Nikolli', 0, '0000-00-00', '', '', '', '', '', '', 0, 0, '0000-00-00', 0, 0, 0),
(718, 'Evelina  Leka', 0, '0000-00-00', '', '', '', '', '', '', 0, 0, '0000-00-00', 0, 0, 0),
(719, 'Florian  Gjerasi', 0, '0000-00-00', '', '', '', '', '', '', 0, 0, '0000-00-00', 0, 0, 0),
(720, 'Jurgen  Malaj', 0, '0000-00-00', '', '', '', '', '', '', 0, 0, '0000-00-00', 0, 0, 0),
(721, 'Kejdi  Nelaj', 0, '0000-00-00', '', '', '', '', '', '', 0, 0, '0000-00-00', 0, 0, 0),
(722, 'Kristi  Meco', 0, '0000-00-00', '', '', '', '', '', '', 0, 0, '0000-00-00', 0, 0, 0),
(723, 'Lidia  Gjini', 0, '0000-00-00', '', '', '', '', '', '', 0, 0, '0000-00-00', 0, 0, 0),
(724, 'Lorenc  Shahini', 0, '0000-00-00', '', '', '', '', '', '', 0, 0, '0000-00-00', 0, 0, 0),
(725, 'Marsel  Ballabani', 0, '0000-00-00', '', '', '', '', '', '', 0, 0, '0000-00-00', 0, 0, 0),
(726, 'Mikeda  Caca', 0, '0000-00-00', '', '', '', '', '', '', 0, 0, '0000-00-00', 0, 0, 0),
(727, 'Patrik  Krasniqi', 0, '0000-00-00', '', '', '', '', '', '', 0, 0, '0000-00-00', 0, 0, 0),
(728, 'Sabina  Pipiko', 0, '0000-00-00', '', '', '', '', '', '', 0, 0, '0000-00-00', 0, 0, 0),
(729, 'Sindi  Zyka', 0, '0000-00-00', '', '', '', '', '', '', 0, 0, '0000-00-00', 0, 0, 0),
(730, 'Nerhens   Troshani', 0, '0000-00-00', '', '', '', '', '', '', 0, 0, '0000-00-00', 0, 0, 0),
(731, 'Ardian  Sheta', 0, '0000-00-00', '', '', '', '', '', '', 0, 0, '0000-00-00', 0, 0, 0),
(732, 'Arlen  Rama', 0, '0000-00-00', '', '', '', '', '', '', 0, 0, '0000-00-00', 0, 0, 0),
(733, 'Arsi  Kapoli', 0, '0000-00-00', '', '', '', '', '', '', 0, 0, '0000-00-00', 0, 0, 0),
(734, 'Aurel  Ceta', 0, '0000-00-00', '', '', '', '', '', '', 0, 0, '0000-00-00', 0, 0, 0),
(735, 'Brikel  Ceta', 0, '0000-00-00', '', '', '', '', '', '', 0, 0, '0000-00-00', 0, 0, 0),
(736, 'Cristian  Kocaqi', 0, '0000-00-00', '', '', '', '', '', '', 0, 0, '0000-00-00', 0, 0, 0),
(737, 'Dashamir  Lela', 0, '0000-00-00', '', '', '', '', '', '', 0, 0, '0000-00-00', 0, 0, 0),
(738, 'Desia  Gashi', 0, '0000-00-00', '', '', '', '', '', '', 0, 0, '0000-00-00', 0, 0, 0),
(739, 'Endri  Shameti', 0, '0000-00-00', '', '', '', '', '', '', 0, 0, '0000-00-00', 0, 0, 0),
(740, 'Enri  Aliaj', 0, '0000-00-00', '', '', '', '', '', '', 0, 0, '0000-00-00', 0, 0, 0),
(741, 'Eraldo  Aruci', 0, '0000-00-00', '', '', '', '', '', '', 0, 0, '0000-00-00', 0, 0, 0),
(742, 'Fuat  Kerma', 0, '0000-00-00', '', '', '', '', '', '', 0, 0, '0000-00-00', 0, 0, 0),
(743, 'Gledis  Hetoja', 0, '0000-00-00', '', '', '', '', '', '', 0, 0, '0000-00-00', 0, 0, 0),
(744, 'Kejda  Balla', 0, '0000-00-00', '', '', '', '', '', '', 0, 0, '0000-00-00', 0, 0, 0),
(745, 'Kejsi  Baze', 0, '0000-00-00', '', '', '', '', '', '', 0, 0, '0000-00-00', 0, 0, 0),
(746, 'Klajdi  Lleshi', 0, '0000-00-00', '', '', '', '', '', '', 0, 0, '0000-00-00', 0, 0, 0),
(747, 'Mirjam  Domi', 0, '0000-00-00', '', '', '', '', '', '', 0, 0, '0000-00-00', 0, 0, 0),
(748, 'Piero  Dyrmishi', 0, '0000-00-00', '', '', '', '', '', '', 0, 0, '0000-00-00', 0, 0, 0),
(749, 'Rona  Oketa', 0, '0000-00-00', '', '', '', '', '', '', 0, 0, '0000-00-00', 0, 0, 0),
(750, 'Sindi  Beja', 0, '0000-00-00', '', '', '', '', '', '', 0, 0, '0000-00-00', 0, 0, 0),
(751, 'Ted  Karavello', 0, '0000-00-00', '', '', '', '', '', '', 0, 0, '0000-00-00', 0, 0, 0),
(752, 'Andi  Alla', 0, '0000-00-00', '', '', '', '', '', '', 0, 0, '0000-00-00', 0, 0, 0),
(753, 'Arba  Muco', 0, '0000-00-00', '', '', '', '', '', '', 0, 0, '0000-00-00', 0, 0, 0),
(754, 'Bjorn  Mulla', 0, '0000-00-00', '', '', '', '', '', '', 0, 0, '0000-00-00', 0, 0, 0),
(755, 'Dea  Dedej', 0, '0000-00-00', '', '', '', '', '', '', 0, 0, '0000-00-00', 0, 0, 0),
(756, 'Dea  Demneri', 0, '0000-00-00', '', '', '', '', '', '', 0, 0, '0000-00-00', 0, 0, 0),
(757, 'Donald  Sula', 0, '0000-00-00', '', '', '', '', '', '', 0, 0, '0000-00-00', 0, 0, 0),
(758, 'Elma  Zhapa', 0, '0000-00-00', '', '', '', '', '', '', 0, 0, '0000-00-00', 0, 0, 0),
(759, 'Euljan  Manga', 0, '0000-00-00', '', '', '', '', '', '', 0, 0, '0000-00-00', 0, 0, 0),
(760, 'Flavio  Dervishaj', 0, '0000-00-00', '', '', '', '', '', '', 0, 0, '0000-00-00', 0, 0, 0),
(761, 'Ketlin  Kaco', 0, '0000-00-00', '', '', '', '', '', '', 0, 0, '0000-00-00', 0, 0, 0),
(762, 'Klevis  Malaj', 0, '0000-00-00', '', '', '', '', '', '', 0, 0, '0000-00-00', 0, 0, 0),
(763, 'Kristi  Dashi', 0, '0000-00-00', '', '', '', '', '', '', 0, 0, '0000-00-00', 0, 0, 0),
(764, 'Kristi  Kavaja', 0, '0000-00-00', '', '', '', '', '', '', 0, 0, '0000-00-00', 0, 0, 0),
(765, 'Lorel  Ndroqi', 0, '0000-00-00', '', '', '', '', '', '', 0, 0, '0000-00-00', 0, 0, 0),
(766, 'Luka  Lamaj', 0, '0000-00-00', '', '', '', '', '', '', 0, 0, '0000-00-00', 0, 0, 0),
(767, 'Marena  Qari', 0, '0000-00-00', '', '', '', '', '', '', 0, 0, '0000-00-00', 0, 0, 0),
(768, 'Megan  Lezhja', 0, '0000-00-00', '', '', '', '', '', '', 0, 0, '0000-00-00', 0, 0, 0),
(769, 'Moena  Gjita', 0, '0000-00-00', '', '', '', '', '', '', 0, 0, '0000-00-00', 0, 0, 0),
(770, 'Renaur  Doda', 0, '0000-00-00', '', '', '', '', '', '', 0, 0, '0000-00-00', 0, 0, 0),
(771, 'Sindi  Verushi', 0, '0000-00-00', '', '', '', '', '', '', 0, 0, '0000-00-00', 0, 0, 0),
(772, 'Alesia  Cafaj', 0, '0000-00-00', '', '', '', '', '', '', 0, 0, '0000-00-00', 0, 0, 0),
(773, 'Ana  Vishkurti', 0, '0000-00-00', '', '', '', '', '', '', 0, 0, '0000-00-00', 0, 0, 0),
(774, 'Anri  Nazarko', 0, '0000-00-00', '', '', '', '', '', '', 0, 0, '0000-00-00', 0, 0, 0),
(775, 'Blerti  Mehillaj', 0, '0000-00-00', '', '', '', '', '', '', 0, 0, '0000-00-00', 0, 0, 0),
(776, 'Devis  Sulejmani', 0, '0000-00-00', '', '', '', '', '', '', 0, 0, '0000-00-00', 0, 0, 0),
(777, 'Ejona  Demneri', 0, '0000-00-00', '', '', '', '', '', '', 0, 0, '0000-00-00', 0, 0, 0),
(778, 'Elton  Halimi', 0, '0000-00-00', '', '', '', '', '', '', 0, 0, '0000-00-00', 0, 0, 0),
(779, 'Enida  Belba', 0, '0000-00-00', '', '', '', '', '', '', 0, 0, '0000-00-00', 0, 0, 0),
(780, 'Igli  Hasanaj', 0, '0000-00-00', '', '', '', '', '', '', 0, 0, '0000-00-00', 0, 0, 0),
(781, 'Jona  Basha', 0, '0000-00-00', '', '', '', '', '', '', 0, 0, '0000-00-00', 0, 0, 0),
(782, 'Kaltra Mucollari', 0, '0000-00-00', '', '', '', '', '', '', 0, 0, '0000-00-00', 0, 0, 0),
(783, 'Ketrin  Gjata', 0, '0000-00-00', '', '', '', '', '', '', 0, 0, '0000-00-00', 0, 0, 0),
(784, 'Klaisi  Cela', 0, '0000-00-00', '', '', '', '', '', '', 0, 0, '0000-00-00', 0, 0, 0),
(785, 'Klaudia  Cenko', 0, '0000-00-00', '', '', '', '', '', '', 0, 0, '0000-00-00', 0, 0, 0),
(786, 'Krist  Papajani', 0, '0000-00-00', '', '', '', '', '', '', 0, 0, '0000-00-00', 0, 0, 0),
(787, 'Lorena  Toptani', 0, '0000-00-00', '', '', '', '', '', '', 0, 0, '0000-00-00', 0, 0, 0),
(788, 'Mabela  Budlla', 0, '0000-00-00', '', '', '', '', '', '', 0, 0, '0000-00-00', 0, 0, 0),
(789, 'Megan  Matraku', 0, '0000-00-00', '', '', '', '', '', '', 0, 0, '0000-00-00', 0, 0, 0),
(790, 'Melisa  Taci', 0, '0000-00-00', '', '', '', '', '', '', 0, 0, '0000-00-00', 0, 0, 0),
(791, 'Meri  Plasa', 0, '0000-00-00', '', '', '', '', '', '', 0, 0, '0000-00-00', 0, 0, 0),
(792, 'Anxhelo  Mili', 0, '0000-00-00', '', '', '', '', '', '', 0, 0, '0000-00-00', 0, 0, 0),
(793, 'Arbi  Hoxhaj', 0, '0000-00-00', '', '', '', '', '', '', 0, 0, '0000-00-00', 0, 0, 0),
(794, 'Ardita  Ymaj', 0, '0000-00-00', '', '', '', '', '', '', 0, 0, '0000-00-00', 0, 0, 0),
(795, 'Enest  Shala', 0, '0000-00-00', '', '', '', '', '', '', 0, 0, '0000-00-00', 0, 0, 0),
(796, 'Erald  Parllaku', 0, '0000-00-00', '', '', '', '', '', '', 0, 0, '0000-00-00', 0, 0, 0),
(797, 'Ester  Veliu', 0, '0000-00-00', '', '', '', '', '', '', 0, 0, '0000-00-00', 0, 0, 0),
(798, 'Glea  Qokaj', 0, '0000-00-00', '', '', '', '', '', '', 0, 0, '0000-00-00', 0, 0, 0),
(799, 'Igli  Mura', 0, '0000-00-00', '', '', '', '', '', '', 0, 0, '0000-00-00', 0, 0, 0),
(800, 'Jona  Ziri', 0, '0000-00-00', '', '', '', '', '', '', 0, 0, '0000-00-00', 0, 0, 0),
(801, 'Juli  Cela', 0, '0000-00-00', '', '', '', '', '', '', 0, 0, '0000-00-00', 0, 0, 0),
(802, 'Katerina  Koca', 0, '0000-00-00', '', '', '', '', '', '', 0, 0, '0000-00-00', 0, 0, 0),
(803, 'Kejsi  Feto', 0, '0000-00-00', '', '', '', '', '', '', 0, 0, '0000-00-00', 0, 0, 0),
(804, 'Lulzime  Hasanaj', 0, '0000-00-00', '', '', '', '', '', '', 0, 0, '0000-00-00', 0, 0, 0),
(805, 'Mariglen  Shira', 0, '0000-00-00', '', '', '', '', '', '', 0, 0, '0000-00-00', 0, 0, 0),
(806, 'Orgest  Metaliaj', 0, '0000-00-00', '', '', '', '', '', '', 0, 0, '0000-00-00', 0, 0, 0),
(807, 'Paola  Caushi', 0, '0000-00-00', '', '', '', '', '', '', 0, 0, '0000-00-00', 0, 0, 0),
(808, 'Regim  Jozef', 0, '0000-00-00', '', '', '', '', '', '', 0, 0, '0000-00-00', 0, 0, 0),
(809, 'Siljan  Gjoka', 0, '0000-00-00', '', '', '', '', '', '', 0, 0, '0000-00-00', 0, 0, 0),
(810, 'Silvester  Mihajli', 0, '0000-00-00', '', '', '', '', '', '', 0, 0, '0000-00-00', 0, 0, 0),
(811, 'Zyrina  Tali', 0, '0000-00-00', '', '', '', '', '', '', 0, 0, '0000-00-00', 0, 0, 0),
(812, 'Albi  Murataj', 0, '0000-00-00', '', '', '', '', '', '', 0, 0, '0000-00-00', 0, 0, 0),
(813, 'Aldo  Lleshi', 0, '0000-00-00', '', '', '', '', '', '', 0, 0, '0000-00-00', 0, 0, 0),
(814, 'Amario  Reci', 0, '0000-00-00', '', '', '', '', '', '', 0, 0, '0000-00-00', 0, 0, 0),
(815, 'Andi  Bardhoshi', 0, '0000-00-00', '', '', '', '', '', '', 0, 0, '0000-00-00', 0, 0, 0),
(816, 'Arlind  Bitri', 0, '0000-00-00', '', '', '', '', '', '', 0, 0, '0000-00-00', 0, 0, 0),
(817, 'Armand  Marku', 0, '0000-00-00', '', '', '', '', '', '', 0, 0, '0000-00-00', 0, 0, 0),
(818, 'Bekim  Milushi', 0, '0000-00-00', '', '', '', '', '', '', 0, 0, '0000-00-00', 0, 0, 0),
(819, 'Denis  Mani', 0, '0000-00-00', '', '', '', '', '', '', 0, 0, '0000-00-00', 0, 0, 0),
(820, 'Edison  Kamberaj', 0, '0000-00-00', '', '', '', '', '', '', 0, 0, '0000-00-00', 0, 0, 0),
(821, 'Ejon  Dervishi', 0, '0000-00-00', '', '', '', '', '', '', 0, 0, '0000-00-00', 0, 0, 0),
(822, 'Elvis  Aruci', 0, '0000-00-00', '', '', '', '', '', '', 0, 0, '0000-00-00', 0, 0, 0),
(823, 'Emiljan  Demarku', 0, '0000-00-00', '', '', '', '', '', '', 0, 0, '0000-00-00', 0, 0, 0),
(824, 'Fabian  Copani', 0, '0000-00-00', '', '', '', '', '', '', 0, 0, '0000-00-00', 0, 0, 0),
(825, 'Gjergj  Kolmarku', 0, '0000-00-00', '', '', '', '', '', '', 0, 0, '0000-00-00', 0, 0, 0),
(826, 'Griseld  Topciu', 0, '0000-00-00', '', '', '', '', '', '', 0, 0, '0000-00-00', 0, 0, 0),
(827, 'Hysen  Lipo', 0, '0000-00-00', '', '', '', '', '', '', 0, 0, '0000-00-00', 0, 0, 0),
(828, 'Indrit  Luka', 0, '0000-00-00', '', '', '', '', '', '', 0, 0, '0000-00-00', 0, 0, 0),
(829, 'Iseld  Mehmetaj', 0, '0000-00-00', '', '', '', '', '', '', 0, 0, '0000-00-00', 0, 0, 0),
(830, 'Klarenc  Dervishi', 0, '0000-00-00', '', '', '', '', '', '', 0, 0, '0000-00-00', 0, 0, 0),
(831, 'Kristofor  Duraj', 0, '0000-00-00', '', '', '', '', '', '', 0, 0, '0000-00-00', 0, 0, 0),
(832, 'Lutfi  Topi', 0, '0000-00-00', '', '', '', '', '', '', 0, 0, '0000-00-00', 0, 0, 0),
(833, 'Maksi  Rreceku', 0, '0000-00-00', '', '', '', '', '', '', 0, 0, '0000-00-00', 0, 0, 0),
(834, 'Nderim  Ahmati', 0, '0000-00-00', '', '', '', '', '', '', 0, 0, '0000-00-00', 0, 0, 0),
(835, 'Samet  Ahmati', 0, '0000-00-00', '', '', '', '', '', '', 0, 0, '0000-00-00', 0, 0, 0),
(836, 'Admir  Kalari', 0, '0000-00-00', '', '', '', '', '', '', 0, 0, '0000-00-00', 0, 0, 0),
(837, 'Agon  Bokshi', 0, '0000-00-00', '', '', '', '', '', '', 0, 0, '0000-00-00', 0, 0, 0),
(838, 'Ahmet  Zela', 0, '0000-00-00', '', '', '', '', '', '', 0, 0, '0000-00-00', 0, 0, 0),
(839, 'Arber  Kaci', 0, '0000-00-00', '', '', '', '', '', '', 0, 0, '0000-00-00', 0, 0, 0),
(840, 'Ardit  Stojani', 0, '0000-00-00', '', '', '', '', '', '', 0, 0, '0000-00-00', 0, 0, 0),
(841, 'Benjamin  Lasku', 0, '0000-00-00', '', '', '', '', '', '', 0, 0, '0000-00-00', 0, 0, 0),
(842, 'Erald  Nuredini', 0, '0000-00-00', '', '', '', '', '', '', 0, 0, '0000-00-00', 0, 0, 0),
(843, 'Ermir  Hysaj', 0, '0000-00-00', '', '', '', '', '', '', 0, 0, '0000-00-00', 0, 0, 0),
(844, 'Ervis  Mucaj', 0, '0000-00-00', '', '', '', '', '', '', 0, 0, '0000-00-00', 0, 0, 0),
(845, 'Jusaldo  Shima', 0, '0000-00-00', '', '', '', '', '', '', 0, 0, '0000-00-00', 0, 0, 0),
(846, 'Klei  Xhabafti', 0, '0000-00-00', '', '', '', '', '', '', 0, 0, '0000-00-00', 0, 0, 0),
(847, 'Kristi  Selmanaj', 0, '0000-00-00', '', '', '', '', '', '', 0, 0, '0000-00-00', 0, 0, 0),
(848, 'Mario  Kukunja', 0, '0000-00-00', '', '', '', '', '', '', 0, 0, '0000-00-00', 0, 0, 0),
(849, 'Martin  Pjetergjoka', 0, '0000-00-00', '', '', '', '', '', '', 0, 0, '0000-00-00', 0, 0, 0),
(850, 'Muharrem  Truka', 0, '0000-00-00', '', '', '', '', '', '', 0, 0, '0000-00-00', 0, 0, 0),
(851, 'Ned  Bici', 0, '0000-00-00', '', '', '', '', '', '', 0, 0, '0000-00-00', 0, 0, 0),
(852, 'Oliver  Sula', 0, '0000-00-00', '', '', '', '', '', '', 0, 0, '0000-00-00', 0, 0, 0),
(853, 'Petrit  Gjoni', 0, '0000-00-00', '', '', '', '', '', '', 0, 0, '0000-00-00', 0, 0, 0),
(854, 'Ramadan  Zeqja', 0, '0000-00-00', '', '', '', '', '', '', 0, 0, '0000-00-00', 0, 0, 0),
(855, 'Skerdi  Burimi', 0, '0000-00-00', '', '', '', '', '', '', 0, 0, '0000-00-00', 0, 0, 0),
(856, 'Uran  Hasvata', 0, '0000-00-00', '', '', '', '', '', '', 0, 0, '0000-00-00', 0, 0, 0),
(857, 'Zeqir  Qinami', 0, '0000-00-00', '', '', '', '', '', '', 0, 0, '0000-00-00', 0, 0, 0),
(858, '', 0, '0000-00-00', '', '', '', '', '', '', 0, 0, '0000-00-00', 0, 0, 0),
(859, 'Agim  Kasolli', 0, '0000-00-00', '', '', '', '', '', '', 0, 0, '0000-00-00', 0, 0, 0),
(860, 'Albert  Rrapi', 0, '0000-00-00', '', '', '', '', '', '', 0, 0, '0000-00-00', 0, 0, 0),
(861, 'Aleksander  Kociaj', 0, '0000-00-00', '', '', '', '', '', '', 0, 0, '0000-00-00', 0, 0, 0),
(862, 'Andi  Zalla', 0, '0000-00-00', '', '', '', '', '', '', 0, 0, '0000-00-00', 0, 0, 0),
(863, 'Anesti  Ifti', 0, '0000-00-00', '', '', '', '', '', '', 0, 0, '0000-00-00', 0, 0, 0),
(864, 'Ariel  Preci', 0, '0000-00-00', '', '', '', '', '', '', 0, 0, '0000-00-00', 0, 0, 0),
(865, 'Armando  Drita', 0, '0000-00-00', '', '', '', '', '', '', 0, 0, '0000-00-00', 0, 0, 0),
(866, 'Atilio  Sulovari', 0, '0000-00-00', '', '', '', '', '', '', 0, 0, '0000-00-00', 0, 0, 0),
(867, 'Belino  Xhiherri', 0, '0000-00-00', '', '', '', '', '', '', 0, 0, '0000-00-00', 0, 0, 0),
(868, 'Besard  Tanushi', 0, '0000-00-00', '', '', '', '', '', '', 0, 0, '0000-00-00', 0, 0, 0),
(869, 'Demir  Koka', 0, '0000-00-00', '', '', '', '', '', '', 0, 0, '0000-00-00', 0, 0, 0),
(870, 'Denis  Dumani', 0, '0000-00-00', '', '', '', '', '', '', 0, 0, '0000-00-00', 0, 0, 0),
(871, 'Dhimiter  Boce', 0, '0000-00-00', '', '', '', '', '', '', 0, 0, '0000-00-00', 0, 0, 0),
(872, 'Donald  Daulle', 0, '0000-00-00', '', '', '', '', '', '', 0, 0, '0000-00-00', 0, 0, 0),
(873, 'Erbin  Zylfo', 0, '0000-00-00', '', '', '', '', '', '', 0, 0, '0000-00-00', 0, 0, 0),
(874, 'Fernando  Stefani', 0, '0000-00-00', '', '', '', '', '', '', 0, 0, '0000-00-00', 0, 0, 0),
(875, 'Flavio  Pisli', 0, '0000-00-00', '', '', '', '', '', '', 0, 0, '0000-00-00', 0, 0, 0),
(876, 'Fioralb  Lico', 0, '0000-00-00', '', '', '', '', '', '', 0, 0, '0000-00-00', 0, 0, 0),
(877, 'Kledi  Sino', 0, '0000-00-00', '', '', '', '', '', '', 0, 0, '0000-00-00', 0, 0, 0),
(878, 'Klodian  Merkaj', 0, '0000-00-00', '', '', '', '', '', '', 0, 0, '0000-00-00', 0, 0, 0),
(879, 'Marko  Boci', 0, '0000-00-00', '', '', '', '', '', '', 0, 0, '0000-00-00', 0, 0, 0),
(880, 'Sabah  Doku', 0, '0000-00-00', '', '', '', '', '', '', 0, 0, '0000-00-00', 0, 0, 0),
(881, 'Syrja  Jaupaj', 0, '0000-00-00', '', '', '', '', '', '', 0, 0, '0000-00-00', 0, 0, 0),
(882, 'Zalo  Qato', 0, '0000-00-00', '', '', '', '', '', '', 0, 0, '0000-00-00', 0, 0, 0),
(883, 'Aleksander  Janjaj', 0, '0000-00-00', '', '', '', '', '', '', 0, 0, '0000-00-00', 0, 0, 0),
(884, 'Bralend  Ismailaj', 0, '0000-00-00', '', '', '', '', '', '', 0, 0, '0000-00-00', 0, 0, 0),
(885, 'Elgard  Cela', 0, '0000-00-00', '', '', '', '', '', '', 0, 0, '0000-00-00', 0, 0, 0),
(886, 'Endri  Kubati', 0, '0000-00-00', '', '', '', '', '', '', 0, 0, '0000-00-00', 0, 0, 0),
(887, 'Erjolen  Jahaj', 0, '0000-00-00', '', '', '', '', '', '', 0, 0, '0000-00-00', 0, 0, 0),
(888, 'Elton  Skendaj', 0, '0000-00-00', '', '', '', '', '', '', 0, 0, '0000-00-00', 0, 0, 0),
(889, 'Enco  Gjonaj', 0, '0000-00-00', '', '', '', '', '', '', 0, 0, '0000-00-00', 0, 0, 0),
(890, 'Erind  Deliu', 0, '0000-00-00', '', '', '', '', '', '', 0, 0, '0000-00-00', 0, 0, 0),
(891, 'Fabjol  Ziso', 0, '0000-00-00', '', '', '', '', '', '', 0, 0, '0000-00-00', 0, 0, 0),
(892, 'Florjan  Ismaili', 0, '0000-00-00', '', '', '', '', '', '', 0, 0, '0000-00-00', 0, 0, 0),
(893, 'Flamur  Saka', 0, '0000-00-00', '', '', '', '', '', '', 0, 0, '0000-00-00', 0, 0, 0),
(894, 'Gerald  Xhurxhi', 0, '0000-00-00', '', '', '', '', '', '', 0, 0, '0000-00-00', 0, 0, 0),
(895, 'Geraldo  Dedej', 0, '0000-00-00', '', '', '', '', '', '', 0, 0, '0000-00-00', 0, 0, 0),
(896, 'Geri  Lazaj', 0, '0000-00-00', '', '', '', '', '', '', 0, 0, '0000-00-00', 0, 0, 0),
(897, 'Inis  Vena', 0, '0000-00-00', '', '', '', '', '', '', 0, 0, '0000-00-00', 0, 0, 0),
(898, 'Kaso  Sala', 0, '0000-00-00', '', '', '', '', '', '', 0, 0, '0000-00-00', 0, 0, 0),
(899, 'Klevi  Sinani', 0, '0000-00-00', '', '', '', '', '', '', 0, 0, '0000-00-00', 0, 0, 0),
(900, 'Ledio  Sallufi', 0, '0000-00-00', '', '', '', '', '', '', 0, 0, '0000-00-00', 0, 0, 0),
(901, 'Laert  Lika', 0, '0000-00-00', '', '', '', '', '', '', 0, 0, '0000-00-00', 0, 0, 0),
(902, 'Mariglen   Gazidedja', 0, '0000-00-00', '', '', '', '', '', '', 0, 0, '0000-00-00', 0, 0, 0),
(903, 'Marlind  Manushi', 0, '0000-00-00', '', '', '', '', '', '', 0, 0, '0000-00-00', 0, 0, 0),
(904, 'Marlin   Martaneshi', 0, '0000-00-00', '', '', '', '', '', '', 0, 0, '0000-00-00', 0, 0, 0),
(905, 'Orion  Tafili', 0, '0000-00-00', '', '', '', '', '', '', 0, 0, '0000-00-00', 0, 0, 0),
(906, 'Olsion  Hasanaj', 0, '0000-00-00', '', '', '', '', '', '', 0, 0, '0000-00-00', 0, 0, 0),
(907, 'Orland  Lushaj', 0, '0000-00-00', '', '', '', '', '', '', 0, 0, '0000-00-00', 0, 0, 0),
(908, 'Jonel  Jupasi', 0, '0000-00-00', '', '', '', '', '', '', 0, 0, '0000-00-00', 0, 0, 0),
(909, 'Vilson  Shehu', 0, '0000-00-00', '', '', '', '', '', '', 0, 0, '0000-00-00', 0, 0, 0),
(910, 'Arber  Mustafaj', 0, '0000-00-00', '', '', '', '', '', '', 0, 0, '0000-00-00', 0, 0, 0),
(911, 'Aurel  Hysenaj', 0, '0000-00-00', '', '', '', '', '', '', 0, 0, '0000-00-00', 0, 0, 0),
(912, 'Bjorni  Syla', 0, '0000-00-00', '', '', '', '', '', '', 0, 0, '0000-00-00', 0, 0, 0),
(913, 'Briken  Hysa', 0, '0000-00-00', '', '', '', '', '', '', 0, 0, '0000-00-00', 0, 0, 0),
(914, 'Endri  Isufaj', 0, '0000-00-00', '', '', '', '', '', '', 0, 0, '0000-00-00', 0, 0, 0),
(915, 'Enriko  Dermushi', 0, '0000-00-00', '', '', '', '', '', '', 0, 0, '0000-00-00', 0, 0, 0),
(916, 'Esmerald  Selamaj', 0, '0000-00-00', '', '', '', '', '', '', 0, 0, '0000-00-00', 0, 0, 0),
(917, 'Fabio  Filipi', 0, '0000-00-00', '', '', '', '', '', '', 0, 0, '0000-00-00', 0, 0, 0),
(918, 'Fatjon  Banaj', 0, '0000-00-00', '', '', '', '', '', '', 0, 0, '0000-00-00', 0, 0, 0),
(919, 'Igli  Shahu', 0, '0000-00-00', '', '', '', '', '', '', 0, 0, '0000-00-00', 0, 0, 0),
(920, 'Jahja  Fuga', 0, '0000-00-00', '', '', '', '', '', '', 0, 0, '0000-00-00', 0, 0, 0),
(921, 'Klejdi  Kazani', 0, '0000-00-00', '', '', '', '', '', '', 0, 0, '0000-00-00', 0, 0, 0),
(922, 'Kreshnik  Ndoci', 0, '0000-00-00', '', '', '', '', '', '', 0, 0, '0000-00-00', 0, 0, 0),
(923, 'Kristi  Nikolla', 0, '0000-00-00', '', '', '', '', '', '', 0, 0, '0000-00-00', 0, 0, 0),
(924, 'Laurent  Kociu', 0, '0000-00-00', '', '', '', '', '', '', 0, 0, '0000-00-00', 0, 0, 0),
(925, 'Mario  Kulla', 0, '0000-00-00', '', '', '', '', '', '', 0, 0, '0000-00-00', 0, 0, 0),
(926, 'Olken  Berzhilla', 0, '0000-00-00', '', '', '', '', '', '', 0, 0, '0000-00-00', 0, 0, 0),
(927, 'Redi  Gjonaj', 0, '0000-00-00', '', '', '', '', '', '', 0, 0, '0000-00-00', 0, 0, 0),
(928, 'Skender  Pepa', 0, '0000-00-00', '', '', '', '', '', '', 0, 0, '0000-00-00', 0, 0, 0),
(929, 'Viktor  Dinoviq', 0, '0000-00-00', '', '', '', '', '', '', 0, 0, '0000-00-00', 0, 0, 0),
(930, 'Antonio  Prifti', 0, '0000-00-00', '', '', '', '', '', '', 0, 0, '0000-00-00', 0, 0, 0),
(931, 'Bekim  Jaku', 0, '0000-00-00', '', '', '', '', '', '', 0, 0, '0000-00-00', 0, 0, 0),
(932, 'David  Konomi', 0, '0000-00-00', '', '', '', '', '', '', 0, 0, '0000-00-00', 0, 0, 0),
(933, 'Deivi  Dallashi', 0, '0000-00-00', '', '', '', '', '', '', 0, 0, '0000-00-00', 0, 0, 0),
(934, 'Dejvis   Cota', 0, '0000-00-00', '', '', '', '', '', '', 0, 0, '0000-00-00', 0, 0, 0),
(935, 'Dejvis  Duka', 0, '0000-00-00', '', '', '', '', '', '', 0, 0, '0000-00-00', 0, 0, 0),
(936, '', 0, '0000-00-00', '', '', '', '', '', '', 0, 0, '0000-00-00', 0, 0, 0),
(937, 'Eltian  Ciba', 0, '0000-00-00', '', '', '', '', '', '', 0, 0, '0000-00-00', 0, 0, 0),
(938, 'Elton   Bilo', 0, '0000-00-00', '', '', '', '', '', '', 0, 0, '0000-00-00', 0, 0, 0),
(939, 'Endrit  Braho', 0, '0000-00-00', '', '', '', '', '', '', 0, 0, '0000-00-00', 0, 0, 0),
(940, 'Enver  Alimadhi', 0, '0000-00-00', '', '', '', '', '', '', 0, 0, '0000-00-00', 0, 0, 0),
(941, 'Halit  Sala', 0, '0000-00-00', '', '', '', '', '', '', 0, 0, '0000-00-00', 0, 0, 0),
(942, 'Irdi  Merzheku', 0, '0000-00-00', '', '', '', '', '', '', 0, 0, '0000-00-00', 0, 0, 0),
(943, 'Jeton  Matrisi', 0, '0000-00-00', '', '', '', '', '', '', 0, 0, '0000-00-00', 0, 0, 0),
(944, 'Josif  Boga', 0, '0000-00-00', '', '', '', '', '', '', 0, 0, '0000-00-00', 0, 0, 0),
(945, 'Kevin   Dhembi', 0, '0000-00-00', '', '', '', '', '', '', 0, 0, '0000-00-00', 0, 0, 0),
(946, 'Klodian  Kellici', 0, '0000-00-00', '', '', '', '', '', '', 0, 0, '0000-00-00', 0, 0, 0),
(947, 'Kristal  Alla', 0, '0000-00-00', '', '', '', '', '', '', 0, 0, '0000-00-00', 0, 0, 0),
(948, 'Ledio  Malaj', 0, '0000-00-00', '', '', '', '', '', '', 0, 0, '0000-00-00', 0, 0, 0),
(949, 'Leonard  Basha', 0, '0000-00-00', '', '', '', '', '', '', 0, 0, '0000-00-00', 0, 0, 0),
(950, 'Marcelino  Tabaku', 0, '0000-00-00', '', '', '', '', '', '', 0, 0, '0000-00-00', 0, 0, 0),
(951, 'Marti  Lama', 0, '0000-00-00', '', '', '', '', '', '', 0, 0, '0000-00-00', 0, 0, 0),
(952, 'Nesar  Bregu', 0, '0000-00-00', '', '', '', '', '', '', 0, 0, '0000-00-00', 0, 0, 0),
(953, 'Rei  Arifi', 0, '0000-00-00', '', '', '', '', '', '', 0, 0, '0000-00-00', 0, 0, 0),
(954, 'Tedi  Pepo', 0, '0000-00-00', '', '', '', '', '', '', 0, 0, '0000-00-00', 0, 0, 0),
(955, 'Tedi  Pellumbi', 0, '0000-00-00', '', '', '', '', '', '', 0, 0, '0000-00-00', 0, 0, 0),
(956, 'Adrian  Shehu', 0, '0000-00-00', '', '', '', '', '', '', 0, 0, '0000-00-00', 0, 0, 0),
(957, 'Alen  Gjikondi', 0, '0000-00-00', '', '', '', '', '', '', 0, 0, '0000-00-00', 0, 0, 0),
(958, 'Alisa   Buna', 0, '0000-00-00', '', '', '', '', '', '', 0, 0, '0000-00-00', 0, 0, 0),
(959, 'Arbi  Mesiti', 0, '0000-00-00', '', '', '', '', '', '', 0, 0, '0000-00-00', 0, 0, 0),
(960, 'Denis  Lekli', 0, '0000-00-00', '', '', '', '', '', '', 0, 0, '0000-00-00', 0, 0, 0),
(961, 'Diokles Abazi ', 0, '0000-00-00', '', '', '', '', '', '', 0, 0, '0000-00-00', 0, 0, 0),
(962, 'Dorian   Hoxha', 0, '0000-00-00', '', '', '', '', '', '', 0, 0, '0000-00-00', 0, 0, 0),
(963, 'Endri  Kasa', 0, '0000-00-00', '', '', '', '', '', '', 0, 0, '0000-00-00', 0, 0, 0),
(964, 'Fiorela    Numani', 0, '0000-00-00', '', '', '', '', '', '', 0, 0, '0000-00-00', 0, 0, 0),
(965, 'Gea  Kapaj', 0, '0000-00-00', '', '', '', '', '', '', 0, 0, '0000-00-00', 0, 0, 0),
(966, 'Genti  Xhanari', 0, '0000-00-00', '', '', '', '', '', '', 0, 0, '0000-00-00', 0, 0, 0),
(967, 'Gerald  Beshiri', 0, '0000-00-00', '', '', '', '', '', '', 0, 0, '0000-00-00', 0, 0, 0),
(968, 'Gersi  Cela', 0, '0000-00-00', '', '', '', '', '', '', 0, 0, '0000-00-00', 0, 0, 0),
(969, 'Gersian  Zeqaj', 0, '0000-00-00', '', '', '', '', '', '', 0, 0, '0000-00-00', 0, 0, 0),
(970, 'Glejdi  Cimboku', 0, '0000-00-00', '', '', '', '', '', '', 0, 0, '0000-00-00', 0, 0, 0),
(971, 'Hermes   Cati', 0, '0000-00-00', '', '', '', '', '', '', 0, 0, '0000-00-00', 0, 0, 0),
(972, 'Kei  Dervishaj', 0, '0000-00-00', '', '', '', '', '', '', 0, 0, '0000-00-00', 0, 0, 0),
(973, 'Kevin  Ciko', 0, '0000-00-00', '', '', '', '', '', '', 0, 0, '0000-00-00', 0, 0, 0),
(974, 'Kledis  Gjoni', 0, '0000-00-00', '', '', '', '', '', '', 0, 0, '0000-00-00', 0, 0, 0),
(975, 'Krista   Bombaj', 0, '0000-00-00', '', '', '', '', '', '', 0, 0, '0000-00-00', 0, 0, 0),
(976, 'Ledjan  Behrami', 0, '0000-00-00', '', '', '', '', '', '', 0, 0, '0000-00-00', 0, 0, 0),
(977, 'Orges  Kadria', 0, '0000-00-00', '', '', '', '', '', '', 0, 0, '0000-00-00', 0, 0, 0),
(978, 'Redon  Lami', 0, '0000-00-00', '', '', '', '', '', '', 0, 0, '0000-00-00', 0, 0, 0),
(979, 'Stivi  Dedej', 0, '0000-00-00', '', '', '', '', '', '', 0, 0, '0000-00-00', 0, 0, 0),
(980, 'Teo  Meskuti', 0, '0000-00-00', '', '', '', '', '', '', 0, 0, '0000-00-00', 0, 0, 0),
(981, 'Theodhor  Sharko', 0, '0000-00-00', '', '', '', '', '', '', 0, 0, '0000-00-00', 0, 0, 0),
(982, 'Xhudit  Keli', 0, '0000-00-00', '', '', '', '', '', '', 0, 0, '0000-00-00', 0, 0, 0),
(983, 'Stivi  Mustafaj', 0, '0000-00-00', '', '', '', '', '', '', 0, 0, '0000-00-00', 0, 0, 0),
(984, 'Albertin  Marku', 0, '0000-00-00', '', '', '', '', '', '', 0, 0, '0000-00-00', 0, 0, 0),
(985, 'Ana  Peci', 0, '0000-00-00', '', '', '', '', '', '', 0, 0, '0000-00-00', 0, 0, 0),
(986, 'Arenco  Begu', 0, '0000-00-00', '', '', '', '', '', '', 0, 0, '0000-00-00', 0, 0, 0),
(987, 'Besmira  Tershalla', 0, '0000-00-00', '', '', '', '', '', '', 0, 0, '0000-00-00', 0, 0, 0),
(988, 'Burim  Cuterraj', 0, '0000-00-00', '', '', '', '', '', '', 0, 0, '0000-00-00', 0, 0, 0),
(989, 'Desara  Teqja', 0, '0000-00-00', '', '', '', '', '', '', 0, 0, '0000-00-00', 0, 0, 0),
(990, 'Devi  Shahaj', 0, '0000-00-00', '', '', '', '', '', '', 0, 0, '0000-00-00', 0, 0, 0),
(991, '', 0, '0000-00-00', '', '', '', '', '', '', 0, 0, '0000-00-00', 0, 0, 0),
(992, 'Erdi  Doku', 0, '0000-00-00', '', '', '', '', '', '', 0, 0, '0000-00-00', 0, 0, 0),
(993, 'Frenki  Ademi', 0, '0000-00-00', '', '', '', '', '', '', 0, 0, '0000-00-00', 0, 0, 0),
(994, 'Klemant  Kallmeti', 0, '0000-00-00', '', '', '', '', '', '', 0, 0, '0000-00-00', 0, 0, 0),
(995, 'Kevin  Bardhi', 0, '0000-00-00', '', '', '', '', '', '', 0, 0, '0000-00-00', 0, 0, 0),
(996, 'Loredana  Ulliri', 0, '0000-00-00', '', '', '', '', '', '', 0, 0, '0000-00-00', 0, 0, 0),
(997, 'Laiza  Jazexhiu', 0, '0000-00-00', '', '', '', '', '', '', 0, 0, '0000-00-00', 0, 0, 0),
(998, 'Maris  Bardhi', 0, '0000-00-00', '', '', '', '', '', '', 0, 0, '0000-00-00', 0, 0, 0),
(999, 'Mina  Biti', 0, '0000-00-00', '', '', '', '', '', '', 0, 0, '0000-00-00', 0, 0, 0),
(1000, 'Matteo  Petaj', 0, '0000-00-00', '', '', '', '', '', '', 0, 0, '0000-00-00', 0, 0, 0),
(1001, 'Nicholas  Theodhos', 0, '0000-00-00', '', '', '', '', '', '', 0, 0, '0000-00-00', 0, 0, 0),
(1002, 'Nelind  Dedolli', 0, '0000-00-00', '', '', '', '', '', '', 0, 0, '0000-00-00', 0, 0, 0),
(1003, 'Redi  Veriu', 0, '0000-00-00', '', '', '', '', '', '', 0, 0, '0000-00-00', 0, 0, 0),
(1004, 'Rei  Uruci', 0, '0000-00-00', '', '', '', '', '', '', 0, 0, '0000-00-00', 0, 0, 0),
(1005, 'Rexhina  Ibraliu', 0, '0000-00-00', '', '', '', '', '', '', 0, 0, '0000-00-00', 0, 0, 0),
(1006, 'Sara  Muka', 0, '0000-00-00', '', '', '', '', '', '', 0, 0, '0000-00-00', 0, 0, 0),
(1007, 'Amber  Xhoxhi', 0, '0000-00-00', '', '', '', '', '', '', 0, 0, '0000-00-00', 0, 0, 0),
(1008, 'Bjorg  Cinaj', 0, '0000-00-00', '', '', '', '', '', '', 0, 0, '0000-00-00', 0, 0, 0),
(1009, 'Dea  Kacurri', 0, '0000-00-00', '', '', '', '', '', '', 0, 0, '0000-00-00', 0, 0, 0),
(1010, 'Denis  Lika', 0, '0000-00-00', '', '', '', '', '', '', 0, 0, '0000-00-00', 0, 0, 0),
(1011, 'Egi  Bleta', 0, '0000-00-00', '', '', '', '', '', '', 0, 0, '0000-00-00', 0, 0, 0),
(1012, 'Endi  Dika', 0, '0000-00-00', '', '', '', '', '', '', 0, 0, '0000-00-00', 0, 0, 0),
(1013, 'Enisa  Rade', 0, '0000-00-00', '', '', '', '', '', '', 0, 0, '0000-00-00', 0, 0, 0),
(1014, 'Eraldo  Qeli', 0, '0000-00-00', '', '', '', '', '', '', 0, 0, '0000-00-00', 0, 0, 0),
(1015, 'Gledis  Metani', 0, '0000-00-00', '', '', '', '', '', '', 0, 0, '0000-00-00', 0, 0, 0),
(1016, 'Griselda  Doda', 0, '0000-00-00', '', '', '', '', '', '', 0, 0, '0000-00-00', 0, 0, 0),
(1017, 'Henri  Kau', 0, '0000-00-00', '', '', '', '', '', '', 0, 0, '0000-00-00', 0, 0, 0),
(1018, 'Hrisa  Poci', 0, '0000-00-00', '', '', '', '', '', '', 0, 0, '0000-00-00', 0, 0, 0),
(1019, 'Jokli  Lito', 0, '0000-00-00', '', '', '', '', '', '', 0, 0, '0000-00-00', 0, 0, 0),
(1020, 'Klotilda  Ndoja', 0, '0000-00-00', '', '', '', '', '', '', 0, 0, '0000-00-00', 0, 0, 0),
(1021, 'Kristian  Nica', 0, '0000-00-00', '', '', '', '', '', '', 0, 0, '0000-00-00', 0, 0, 0),
(1022, 'Laert  Shllaku', 0, '0000-00-00', '', '', '', '', '', '', 0, 0, '0000-00-00', 0, 0, 0),
(1023, 'Reis  Hasho', 0, '0000-00-00', '', '', '', '', '', '', 0, 0, '0000-00-00', 0, 0, 0),
(1024, 'Ruthi  Taja', 0, '0000-00-00', '', '', '', '', '', '', 0, 0, '0000-00-00', 0, 0, 0),
(1025, 'Tedi  Kokomani', 0, '0000-00-00', '', '', '', '', '', '', 0, 0, '0000-00-00', 0, 0, 0),
(1026, 'Viktor  Rapo', 0, '0000-00-00', '', '', '', '', '', '', 0, 0, '0000-00-00', 0, 0, 0),
(1027, 'Xhemis Cekani', 0, '0000-00-00', '', '', '', '', '', '', 0, 0, '0000-00-00', 0, 0, 0),
(1028, 'Arbi  Dautaj', 0, '0000-00-00', '', '', '', '', '', '', 0, 0, '0000-00-00', 0, 0, 0),
(1029, 'Indrit  Nikolla', 0, '0000-00-00', '', '', '', '', '', '', 0, 0, '0000-00-00', 0, 0, 0),
(1030, 'Deni  Kovi', 0, '0000-00-00', '', '', '', '', '', '', 0, 0, '0000-00-00', 0, 0, 0),
(1031, 'Martin  Xhaxhi', 0, '0000-00-00', '', '', '', '', '', '', 0, 0, '0000-00-00', 0, 0, 0),
(1032, 'Anja  Arapi', 0, '0000-00-00', '', '', '', '', '', '', 0, 0, '0000-00-00', 0, 0, 0),
(1033, 'Daer  Spaho', 0, '0000-00-00', '', '', '', '', '', '', 0, 0, '0000-00-00', 0, 0, 0),
(1034, 'Aurora  Burba', 0, '0000-00-00', '', '', '', '', '', '', 0, 0, '0000-00-00', 0, 0, 0),
(1035, 'Andrea  Alikaj', 0, '0000-00-00', '', '', '', '', '', '', 0, 0, '0000-00-00', 0, 0, 0),
(1036, 'Alkea  Pajolli', 0, '0000-00-00', '', '', '', '', '', '', 0, 0, '0000-00-00', 0, 0, 0),
(1037, 'Amanda  Sejdinaj', 0, '0000-00-00', '', '', '', '', '', '', 0, 0, '0000-00-00', 0, 0, 0),
(1038, 'Deivi  Hodo', 0, '0000-00-00', '', '', '', '', '', '', 0, 0, '0000-00-00', 0, 0, 0),
(1039, 'Denis  Murati', 0, '0000-00-00', '', '', '', '', '', '', 0, 0, '0000-00-00', 0, 0, 0),
(1040, 'Elios  Tasellari', 0, '0000-00-00', '', '', '', '', '', '', 0, 0, '0000-00-00', 0, 0, 0),
(1041, 'Emili  Berisha', 0, '0000-00-00', '', '', '', '', '', '', 0, 0, '0000-00-00', 0, 0, 0),
(1042, 'Ergi  Bakiu', 0, '0000-00-00', '', '', '', '', '', '', 0, 0, '0000-00-00', 0, 0, 0),
(1043, 'Franc  Lelcaj', 0, '0000-00-00', '', '', '', '', '', '', 0, 0, '0000-00-00', 0, 0, 0),
(1044, 'Gerta   Rodha', 0, '0000-00-00', '', '', '', '', '', '', 0, 0, '0000-00-00', 0, 0, 0),
(1045, 'Indrit  Kaci', 0, '0000-00-00', '', '', '', '', '', '', 0, 0, '0000-00-00', 0, 0, 0),
(1046, 'Ines  Deliu', 0, '0000-00-00', '', '', '', '', '', '', 0, 0, '0000-00-00', 0, 0, 0),
(1047, 'Jolaos  Rexhepi', 0, '0000-00-00', '', '', '', '', '', '', 0, 0, '0000-00-00', 0, 0, 0),
(1048, 'Luka  Ilnica', 0, '0000-00-00', '', '', '', '', '', '', 0, 0, '0000-00-00', 0, 0, 0),
(1049, 'Megi  Afezolli', 0, '0000-00-00', '', '', '', '', '', '', 0, 0, '0000-00-00', 0, 0, 0),
(1050, 'Mirsa  Dani', 0, '0000-00-00', '', '', '', '', '', '', 0, 0, '0000-00-00', 0, 0, 0),
(1051, 'Montano  Kalaveri', 0, '0000-00-00', '', '', '', '', '', '', 0, 0, '0000-00-00', 0, 0, 0),
(1052, 'Olsion  Jana', 0, '0000-00-00', '', '', '', '', '', '', 0, 0, '0000-00-00', 0, 0, 0),
(1053, 'Orges  Allmeta', 0, '0000-00-00', '', '', '', '', '', '', 0, 0, '0000-00-00', 0, 0, 0),
(1054, 'Rejdi  Leka', 0, '0000-00-00', '', '', '', '', '', '', 0, 0, '0000-00-00', 0, 0, 0),
(1055, 'Roan Dishnica', 0, '0000-00-00', '', '', '', '', '', '', 0, 0, '0000-00-00', 0, 0, 0),
(1056, 'Sokol  Deda', 0, '0000-00-00', '', '', '', '', '', '', 0, 0, '0000-00-00', 0, 0, 0),
(1057, 'Tea  Naci', 0, '0000-00-00', '', '', '', '', '', '', 0, 0, '0000-00-00', 0, 0, 0),
(1058, 'Albion  Gaci', 0, '0000-00-00', '', '', '', '', '', '', 0, 0, '0000-00-00', 0, 0, 0),
(1059, 'Anamaria  Mhilli', 0, '0000-00-00', '', '', '', '', '', '', 0, 0, '0000-00-00', 0, 0, 0),
(1060, 'Angela  Loka', 0, '0000-00-00', '', '', '', '', '', '', 0, 0, '0000-00-00', 0, 0, 0),
(1061, 'Eid  Bejleri', 0, '0000-00-00', '', '', '', '', '', '', 0, 0, '0000-00-00', 0, 0, 0),
(1062, 'Endri  Karaj', 0, '0000-00-00', '', '', '', '', '', '', 0, 0, '0000-00-00', 0, 0, 0),
(1063, 'Erges  Murati', 0, '0000-00-00', '', '', '', '', '', '', 0, 0, '0000-00-00', 0, 0, 0),
(1064, 'Fatbardha  Cenko', 0, '0000-00-00', '', '', '', '', '', '', 0, 0, '0000-00-00', 0, 0, 0),
(1065, 'Gjergj  Doci', 0, '0000-00-00', '', '', '', '', '', '', 0, 0, '0000-00-00', 0, 0, 0),
(1066, 'Helion   Paci', 0, '0000-00-00', '', '', '', '', '', '', 0, 0, '0000-00-00', 0, 0, 0),
(1067, 'Jorina  Cuni', 0, '0000-00-00', '', '', '', '', '', '', 0, 0, '0000-00-00', 0, 0, 0),
(1068, 'Jurgen  Bala', 0, '0000-00-00', '', '', '', '', '', '', 0, 0, '0000-00-00', 0, 0, 0),
(1069, 'Kejli  Kadiu', 0, '0000-00-00', '', '', '', '', '', '', 0, 0, '0000-00-00', 0, 0, 0),
(1070, 'Kejsi  Beqiraj', 0, '0000-00-00', '', '', '', '', '', '', 0, 0, '0000-00-00', 0, 0, 0),
(1071, 'Klea  Kapllani', 0, '0000-00-00', '', '', '', '', '', '', 0, 0, '0000-00-00', 0, 0, 0),
(1072, 'Laura  Muca', 0, '0000-00-00', '', '', '', '', '', '', 0, 0, '0000-00-00', 0, 0, 0),
(1073, 'Redon  Istrefi', 0, '0000-00-00', '', '', '', '', '', '', 0, 0, '0000-00-00', 0, 0, 0),
(1074, 'Rexhina  Qesja', 0, '0000-00-00', '', '', '', '', '', '', 0, 0, '0000-00-00', 0, 0, 0),
(1075, 'Simone  Shahini', 0, '0000-00-00', '', '', '', '', '', '', 0, 0, '0000-00-00', 0, 0, 0),
(1076, 'Igli  Dedja', 0, '0000-00-00', '', '', '', '', '', '', 0, 0, '0000-00-00', 0, 0, 0),
(1077, 'Deni  Rama', 0, '0000-00-00', '', '', '', '', '', '', 0, 0, '0000-00-00', 0, 0, 0),
(1078, 'Igli  Madani', 0, '0000-00-00', '', '', '', '', '', '', 0, 0, '0000-00-00', 0, 0, 0);

-- --------------------------------------------------------

--
-- Table structure for table `tipi_vlersimit`
--

CREATE TABLE `tipi_vlersimit` (
  `id_vleresimi` int(11) NOT NULL,
  `emri_vleresimi` varchar(20) COLLATE utf8_unicode_ci DEFAULT NULL,
  `pesha` int(11) DEFAULT NULL
) ENGINE=InnoDB DEFAULT CHARSET=utf8 COLLATE=utf8_unicode_ci;

--
-- Indexes for dumped tables
--

--
-- Indexes for table `dega`
--
ALTER TABLE `dega`
  ADD PRIMARY KEY (`id_dega`);

--
-- Indexes for table `lende`
--
ALTER TABLE `lende`
  ADD PRIMARY KEY (`id_lende`);

--
-- Indexes for table `lende_klase`
--
ALTER TABLE `lende_klase`
  ADD PRIMARY KEY (`id_lende_klase`),
  ADD KEY `id_lende` (`id_lende`),
  ADD KEY `id_klase` (`id_klase`);

--
-- Indexes for table `mesues`
--
ALTER TABLE `mesues`
  ADD PRIMARY KEY (`id_mesues`),
  ADD KEY `kujdestari` (`kujdestari`);

--
-- Indexes for table `mesues_lende`
--
ALTER TABLE `mesues_lende`
  ADD PRIMARY KEY (`id_mesues_lende`),
  ADD KEY `id_mesues` (`id_mesues`),
  ADD KEY `id_lende` (`id_lende`),
  ADD KEY `id_dega` (`id_dega`);

--
-- Indexes for table `notat`
--
ALTER TABLE `notat`
  ADD PRIMARY KEY (`id_note`),
  ADD KEY `id_nxenes` (`id_nxenes`),
  ADD KEY `id_lende` (`id_lende`),
  ADD KEY `id_vleresimi` (`id_vleresimi`);

--
-- Indexes for table `nxenes`
--
ALTER TABLE `nxenes`
  ADD PRIMARY KEY (`id_nxenes`),
  ADD KEY `id_klase` (`id_klase`);

--
-- Indexes for table `tipi_vlersimit`
--
ALTER TABLE `tipi_vlersimit`
  ADD PRIMARY KEY (`id_vleresimi`);

--
-- AUTO_INCREMENT for dumped tables
--

--
-- AUTO_INCREMENT for table `dega`
--
ALTER TABLE `dega`
  MODIFY `id_dega` int(11) NOT NULL AUTO_INCREMENT, AUTO_INCREMENT=5;

--
-- AUTO_INCREMENT for table `lende`
--
ALTER TABLE `lende`
  MODIFY `id_lende` int(11) NOT NULL AUTO_INCREMENT, AUTO_INCREMENT=61;

--
-- AUTO_INCREMENT for table `lende_klase`
--
ALTER TABLE `lende_klase`
  MODIFY `id_lende_klase` int(11) NOT NULL AUTO_INCREMENT;

--
-- AUTO_INCREMENT for table `mesues`
--
ALTER TABLE `mesues`
  MODIFY `id_mesues` int(11) NOT NULL AUTO_INCREMENT, AUTO_INCREMENT=65;

--
-- AUTO_INCREMENT for table `mesues_lende`
--
ALTER TABLE `mesues_lende`
  MODIFY `id_mesues_lende` int(11) NOT NULL AUTO_INCREMENT, AUTO_INCREMENT=73;

--
-- AUTO_INCREMENT for table `notat`
--
ALTER TABLE `notat`
  MODIFY `id_note` int(11) NOT NULL AUTO_INCREMENT;

--
-- AUTO_INCREMENT for table `nxenes`
--
ALTER TABLE `nxenes`
  MODIFY `id_nxenes` int(11) NOT NULL AUTO_INCREMENT, AUTO_INCREMENT=1079;

--
-- AUTO_INCREMENT for table `tipi_vlersimit`
--
ALTER TABLE `tipi_vlersimit`
  MODIFY `id_vleresimi` int(11) NOT NULL AUTO_INCREMENT;
COMMIT;

/*!40101 SET CHARACTER_SET_CLIENT=@OLD_CHARACTER_SET_CLIENT */;
/*!40101 SET CHARACTER_SET_RESULTS=@OLD_CHARACTER_SET_RESULTS */;
/*!40101 SET COLLATION_CONNECTION=@OLD_COLLATION_CONNECTION */;
